-- phpMyAdmin SQL Dump
-- version 5.2.0
-- https://www.phpmyadmin.net/
--
-- Host: 127.0.0.1
-- Generation Time: Apr 17, 2023 at 01:43 PM
-- Server version: 10.4.27-MariaDB
-- PHP Version: 8.2.0

SET SQL_MODE = "NO_AUTO_VALUE_ON_ZERO";
START TRANSACTION;
SET time_zone = "+00:00";


/*!40101 SET @OLD_CHARACTER_SET_CLIENT=@@CHARACTER_SET_CLIENT */;
/*!40101 SET @OLD_CHARACTER_SET_RESULTS=@@CHARACTER_SET_RESULTS */;
/*!40101 SET @OLD_COLLATION_CONNECTION=@@COLLATION_CONNECTION */;
/*!40101 SET NAMES utf8mb4 */;

--
-- Database: `swiss_collection`
--

-- --------------------------------------------------------

--
-- Table structure for table `accounts`
--

CREATE TABLE `accounts` (
  `id` int(11) NOT NULL,
  `username` varchar(255) NOT NULL,
  `password` varchar(255) NOT NULL,
  `otp` varchar(255) NOT NULL
) ENGINE=InnoDB DEFAULT CHARSET=utf8mb4 COLLATE=utf8mb4_general_ci;

--
-- Dumping data for table `accounts`
--

INSERT INTO `accounts` (`id`, `username`, `password`, `otp`) VALUES
(1, 'Markue1st', '12345', '2oaZ'),
(6, 'Markue2nd', 'abcde', 'p8P6'),
(7, 'Testinglangto', '123', 's9ir');

-- --------------------------------------------------------

--
-- Table structure for table `courses`
--

CREATE TABLE `courses` (
  `Course` varchar(100) NOT NULL,
  `Course_ID` int(11) NOT NULL
) ENGINE=InnoDB DEFAULT CHARSET=utf8mb4 COLLATE=utf8mb4_general_ci;

--
-- Dumping data for table `courses`
--

INSERT INTO `courses` (`Course`, `Course_ID`) VALUES
('BSIT', 1),
('BSIS', 2),
('BSCS', 3),
('BSEMC', 4);

-- --------------------------------------------------------

--
-- Table structure for table `fingerprintid`
--

CREATE TABLE `fingerprintid` (
  `id` int(11) NOT NULL,
  `user_id` int(11) DEFAULT NULL,
  `fingerprint_image` blob DEFAULT NULL
) ENGINE=InnoDB DEFAULT CHARSET=utf8mb4 COLLATE=utf8mb4_general_ci;

-- --------------------------------------------------------

--
-- Table structure for table `rooms`
--

CREATE TABLE `rooms` (
  `Room_ID` int(11) NOT NULL,
  `Room` varchar(150) NOT NULL
) ENGINE=InnoDB DEFAULT CHARSET=utf8mb4 COLLATE=utf8mb4_general_ci;

--
-- Dumping data for table `rooms`
--

INSERT INTO `rooms` (`Room_ID`, `Room`) VALUES
(1, '301'),
(2, '302'),
(3, '303'),
(4, '304');

-- --------------------------------------------------------

--
-- Table structure for table `students`
--

CREATE TABLE `students` (
  `user_id` int(11) NOT NULL,
  `first_name` varchar(200) NOT NULL,
  `last_name` varchar(255) NOT NULL,
  `middle_initial` char(10) NOT NULL,
  `course` varchar(50) NOT NULL,
  `student_no` varchar(10) NOT NULL,
  `admitted_at` date NOT NULL DEFAULT current_timestamp(),
  `bool` tinyint(1) NOT NULL,
  `fingerprintID` int(11) NOT NULL,
  `Sex` varchar(6) DEFAULT NULL,
  `Section` varchar(8) DEFAULT NULL,
  `Status` varchar(9) DEFAULT NULL,
  `Year` varchar(5) DEFAULT NULL
) ENGINE=InnoDB DEFAULT CHARSET=utf8mb4 COLLATE=utf8mb4_general_ci;

--
-- Dumping data for table `students`
--

INSERT INTO `students` (`user_id`, `first_name`, `last_name`, `middle_initial`, `course`, `student_no`, `admitted_at`, `bool`, `fingerprintID`, `Sex`, `Section`, `Status`, `Year`) VALUES
(1, 'JERVY', 'CUETO', 'Q', 'BSIT', '20081324', '2023-04-17', 1, 0, 'MALE', 'B', 'IRREGULAR', '4TH'),
(2, 'CHRISTIAN', 'MONTES', 'Q', 'BSIT', '20120824', '2023-04-17', 1, 0, 'MALE', 'A', 'IRREGULAR', '4TH'),
(3, 'MICHAEL LLOYD', 'SAMONTE', 'P', 'BSCS', '20120959', '2023-04-17', 1, 0, 'MALE', 'A', 'IRREGULAR', '4TH'),
(4, 'RONNA', 'CARILLO', 'E', 'BSIS', '20150452', '2023-04-17', 1, 0, 'FEMALE', 'C', 'IRREGULAR', '4TH'),
(5, 'ANTONETTE', 'ABAMO', 'T', 'BSIS', '20151525', '2023-04-17', 1, 0, 'FEMALE', 'C', 'IRREGULAR', '4TH'),
(6, 'KATRINA', 'BAL', 'N', 'BSIS', '20152116', '2023-04-17', 1, 0, 'FEMALE', 'C', 'IRREGULAR', '4TH'),
(7, 'ANJO', 'ITURRALDE', 'C', 'BSIT', '20152494', '2023-04-17', 1, 0, 'MALE', 'B', 'IRREGULAR', '4TH'),
(8, 'CHARLES NESLE', 'TEJAM', 'M', 'BSEMC', '20153087', '2023-04-17', 1, 0, 'MALE', 'A', 'REGULAR', '4TH'),
(9, 'KARLA MAE', 'LASALITA', 'E', 'BSEMC', '20160128', '2023-04-17', 1, 0, 'FEMALE', 'A', 'IRREGULAR', '4TH'),
(10, 'KYLLE ACERANN', 'MARTINEZ', '-', 'BSEMC', '20160340', '2023-04-17', 1, 0, 'MALE', 'A', 'IRREGULAR', '4TH'),
(11, 'HAROLD', 'BATION JR.,', 'A', 'BSIT', '20160892', '2023-04-17', 1, 0, 'MALE', 'A', 'IRREGULAR', '4TH'),
(12, 'DANIELLE IAN', 'VILLAROSA', 'N', 'BSIT', '20170127', '2023-04-17', 1, 0, 'MALE', 'B', 'IRREGULAR', '4TH'),
(13, 'JENNIFER', 'JESALVA', 'D', 'BSIT', '20170221', '2023-04-17', 1, 0, 'FEMALE', 'A', 'IRREGULAR', '4TH'),
(14, 'DAVID RALPH', 'ORTIZ', 'R', 'BSIS', '20170337', '2023-04-17', 1, 0, 'MALE', 'A', 'IRREGULAR', '4TH'),
(15, 'DEAN-VER', 'LUCENA', 'M', 'BSEMC', '20170380', '2023-04-17', 1, 0, 'MALE', 'A', 'IRREGULAR', '4TH'),
(16, 'JOHN GERALD', 'ESCAROS', '-', 'BSEMC', '20170681', '2023-04-17', 1, 0, 'MALE', 'A', 'IRREGULAR', '4TH'),
(17, 'IVAN ACE', 'NICASIO', 'D', 'BSEMC', '20170849', '2023-04-17', 1, 0, 'MALE', 'A', 'IRREGULAR', '4TH'),
(18, 'JOHN LORD', 'RICO', 'V', 'BSIT', '20170942', '2023-04-17', 1, 0, 'MALE', 'A', 'IRREGULAR', '4TH'),
(19, 'JULIUS', 'DAPOSALA', 'D', 'BSCS', '20180156', '2023-04-17', 1, 0, 'MALE', 'B', 'REGULAR', '4TH'),
(20, 'RAYMOND', 'LOPEZ', 'B', 'BSIT', '20180682', '2023-04-17', 1, 0, 'MALE', 'A', 'IRREGULAR', '4TH'),
(21, 'EDUARD', 'DELA PASION', '-', 'BSIS', '20181111', '2023-04-17', 1, 0, 'MALE', 'B', 'IRREGULAR', '4TH'),
(22, 'EMHERSON', 'TUMANGDAY', 'A', 'BSIS', '20181334', '2023-04-17', 1, 0, 'MALE', 'B', 'IRREGULAR', '4TH'),
(23, 'GESEL', 'ACULA', 'V', 'BSIT', '20182457', '2023-04-17', 1, 0, 'FEMALE', 'A', 'REGULAR', '3RD'),
(24, 'ALJAY', 'DUCUSIN', 'A', 'BSIS', '20190004', '2023-04-17', 1, 0, 'MALE', 'B', 'REGULAR', '4TH'),
(25, 'ANDREI NOWELL', 'ONG', 'G', 'BSCS', '20190060', '2023-04-17', 1, 0, 'MALE', 'A', 'REGULAR', '4TH'),
(26, 'JERUZAEL', 'DUMALE', 'R', 'BSCS', '20190066', '2023-04-17', 1, 0, 'MALE', 'A', 'IRREGULAR', '4TH'),
(27, 'GLAZLE', 'SANDOVAL', 'D', 'BSIS', '20190069', '2023-04-17', 1, 0, 'FEMALE', 'A', 'REGULAR', '4TH'),
(28, 'CELES', 'DELA CRUZ', 'M', 'BSIS', '20190071', '2023-04-17', 1, 0, 'FEMALE', 'A', 'REGULAR', '4TH'),
(29, 'LORENEL', 'AZUR', 'D', 'BSIS', '20190074', '2023-04-17', 1, 0, 'MALE', 'A', 'REGULAR', '4TH'),
(30, 'SYLVIA MAY', 'PARRA', 'P', 'BSIS', '20190076', '2023-04-17', 1, 0, 'FEMALE', 'A', 'REGULAR', '4TH'),
(31, 'JOHN VINCENT', 'ALBAY', 'T', 'BSIT', '20190083', '2023-04-17', 1, 0, 'MALE', 'A', 'REGULAR', '4TH'),
(32, 'RHAIAN', 'CULTIVO', 'P', 'BSEMC', '20190089', '2023-04-17', 1, 0, 'MALE', 'A', 'REGULAR', '4TH'),
(33, 'JENNY ROSE', 'NOYNAY', 'A', 'BSIS', '20190096', '2023-04-17', 1, 0, 'FEMALE', 'A', 'REGULAR', '4TH'),
(34, 'JURY MARS', 'NICOLAS', 'A', 'BSIS', '20190130', '2023-04-17', 1, 0, 'MALE', 'B', 'REGULAR', '4TH'),
(35, 'RUCEMELL DEX', 'BRUCE', 'D', 'BSIS', '20190148', '2023-04-17', 1, 0, 'MALE', 'A', 'REGULAR', '4TH'),
(36, 'ELOISA ANN', 'MADERA', 'M', 'BSIS', '20190162', '2023-04-17', 1, 0, 'FEMALE', 'A', 'REGULAR', '4TH'),
(37, 'NEIL STEPHEN', 'ELPA', 'E', 'BSIT', '20190176', '2023-04-17', 1, 0, 'MALE', 'A', 'REGULAR', '4TH'),
(38, 'RODEL', 'CAMPO', 'M', 'BSIS', '20190205', '2023-04-17', 1, 0, 'MALE', 'A', 'REGULAR', '4TH'),
(39, 'MARIA ANGELICA', 'SAMSON', 'E', 'BSIT', '20190206', '2023-04-17', 1, 0, 'FEMALE', 'A', 'REGULAR', '4TH'),
(40, 'CARENCE GALE', 'CANLAPAN', 'S', 'BSIS', '20190215', '2023-04-17', 1, 0, 'FEMALE', 'A', 'REGULAR', '4TH'),
(41, 'KIM RUSSEL', 'TUGBO', 'S', 'BSIS', '20190217', '2023-04-17', 1, 0, 'FEMALE', 'A', 'REGULAR', '4TH'),
(42, 'NICO ANGELO', 'ANG', 'M', 'BSIS', '20190218', '2023-04-17', 1, 0, 'MALE', 'A', 'REGULAR', '4TH'),
(43, 'ARNOLD', 'DELA CRUZ JR.', 'C', 'BSIS', '20190221', '2023-04-17', 1, 0, 'MALE', 'A', 'REGULAR', '4TH'),
(44, 'ANGELO', 'DE GUZMAN', 'M', 'BSIS', '20190227', '2023-04-17', 1, 0, 'MALE', 'C', 'REGULAR', '4TH'),
(45, 'JEZREEL', 'CASTILLA', 'C', 'BSEMC', '20190237', '2023-04-17', 1, 0, 'MALE', 'A', 'REGULAR', '4TH'),
(46, 'RICCA LEIZA', 'DELA CRUZ', 'C', 'BSIS', '20190248', '2023-04-17', 1, 0, 'FEMALE', 'A', 'REGULAR', '4TH'),
(47, 'ETHAN JEX', 'ATIENZA', 'T', 'BSIS', '20190250', '2023-04-17', 1, 0, 'MALE', 'A', 'REGULAR', '4TH'),
(48, 'LANCE DANIEL', 'GALLOS', 'G', 'BSIS', '20190263', '2023-04-17', 1, 0, 'MALE', 'A', 'REGULAR', '4TH'),
(49, 'JOSE HARRY', 'LLEMOS', 'B', 'BSIT', '20190267', '2023-04-17', 1, 0, 'MALE', 'A', 'IRREGULAR', '4TH'),
(50, 'ELIZABETH', 'MATIAS', 'C', 'BSIT', '20190270', '2023-04-17', 1, 0, 'FEMALE', 'A', 'REGULAR', '4TH'),
(51, 'PETER RUSSEL', 'TAMONDONG III', 'B', 'BSIT', '20190286', '2023-04-17', 1, 0, 'MALE', 'A', 'IRREGULAR', '4TH'),
(52, 'MARK ANGELO', 'SANGIL', 'S', 'BSIT', '20190288', '2023-04-17', 1, 0, 'MALE', 'A', 'IRREGULAR', '4TH'),
(53, 'BRYAN RHEY', 'RONQUILLO', 'T', 'BSEMC', '20190289', '2023-04-17', 1, 0, 'MALE', 'A', 'REGULAR', '4TH'),
(54, 'TERUMY', 'ADERES', '-', 'BSIS', '20190290', '2023-04-17', 1, 0, 'MALE', 'A', 'REGULAR', '4TH'),
(55, 'ANDREI', 'MAGDASOC', 'A', 'BSIT', '20190294', '2023-04-17', 1, 0, 'MALE', 'A', 'REGULAR', '4TH'),
(56, 'MATHLEE URRIEL', 'RIBERAL', 'S', 'BSIS', '20190300', '2023-04-17', 1, 0, 'MALE', 'A', 'REGULAR', '4TH'),
(57, 'ALDRIAN', 'ITUMAY', 'P', 'BSIT', '20190322', '2023-04-17', 1, 0, 'MALE', 'A', 'REGULAR', '4TH'),
(58, 'TROY', 'EXCLAMADO', 'D', 'BSCS', '20190323', '2023-04-17', 1, 0, 'MALE', 'A', 'REGULAR', '4TH'),
(59, 'KARL XANDER', 'NISPEROS', 'F', 'BSIT', '20190325', '2023-04-17', 1, 0, 'MALE', 'A', 'IRREGULAR', '4TH'),
(60, 'JACQUELINE', 'PORRAL', 'C', 'BSCS', '20190344', '2023-04-17', 1, 0, 'FEMALE', 'A', 'REGULAR', '4TH'),
(61, 'NUR-JHYMALR', 'ASULA', 'M', 'BSIS', '20190359', '2023-04-17', 1, 0, 'MALE', 'A', 'REGULAR', '4TH'),
(62, 'BRENT YVES', 'CREBILLO', 'B', 'BSIS', '20190362', '2023-04-17', 1, 0, 'MALE', 'C', 'REGULAR', '4TH'),
(63, 'KENT', 'BALLESTEROS', 'C', 'BSCS', '20190374', '2023-04-17', 1, 0, 'MALE', 'A', 'IRREGULAR', '3RD'),
(64, 'KENNETH POUL', 'PASCUAL', 'O', 'BSIT', '20190376', '2023-04-17', 1, 0, 'MALE', 'A', 'REGULAR', '4TH'),
(65, 'ANDREI', 'MALOK', 'P', 'BSIT', '20190381', '2023-04-17', 1, 0, 'MALE', 'A', 'REGULAR', '4TH'),
(66, 'DANICA', 'CABULLO', 'O', 'BSCS', '20190391', '2023-04-17', 1, 0, 'FEMALE', 'A', 'REGULAR', '4TH'),
(67, 'ARWIN NEMUEL', 'CALZADA', 'B', 'BSIS', '20190408', '2023-04-17', 1, 0, 'MALE', 'A', 'REGULAR', '4TH'),
(68, 'EDEN', 'ALMIROL', 'S', 'BSIT', '20190434', '2023-04-17', 1, 0, 'FEMALE', 'A', 'IRREGULAR', '4TH'),
(69, 'MARK CHRISTIAN', 'DE VILLA', 'A', 'BSIS', '20190440', '2023-04-17', 1, 0, 'MALE', 'A', 'REGULAR', '4TH'),
(70, 'XIANS', 'TAER', 'V', 'BSIT', '20190449', '2023-04-17', 1, 0, 'MALE', 'A', 'IRREGULAR', '4TH'),
(71, 'JOHN CEDRICK', 'DRECE', 'E', 'BSEMC', '20190451', '2023-04-17', 1, 0, 'MALE', 'A', 'REGULAR', '4TH'),
(72, 'ADRIAN DIRK', 'RANIDO', 'S', 'BSIS', '20190453', '2023-04-17', 1, 0, 'MALE', 'A', 'REGULAR', '4TH'),
(73, 'HUSTLIE', 'CALVEZ', 'A', 'BSIT', '20190460', '2023-04-17', 1, 0, 'MALE', 'A', 'IRREGULAR', '2ND'),
(74, 'GERALD', 'NAVA', '-', 'BSIT', '20190460', '2023-04-17', 1, 0, 'MALE', 'A', 'REGULAR', '4TH'),
(75, 'JACOB PETER KYLE', 'RICAMARA', 'S', 'BSIT', '20190463', '2023-04-17', 1, 0, 'MALE', 'A', 'REGULAR', '4TH'),
(76, 'ALEXANDER', 'EVANGELISTA', 'N', 'BSIS', '20190469', '2023-04-17', 1, 0, 'MALE', 'A', 'REGULAR', '4TH'),
(77, 'DARWIN', 'INOSANTE', 'B', 'BSIT', '20190470', '2023-04-17', 1, 0, 'MALE', 'A', 'IRREGULAR', '4TH'),
(78, 'JIMUEL', 'HORNE', 'P', 'BSEMC', '20190472', '2023-04-17', 1, 0, 'MALE', 'A', 'REGULAR', '4TH'),
(79, 'JOHN CARLOS', 'LACSA', 'B', 'BSIS', '20190473', '2023-04-17', 1, 0, 'MALE', 'A', 'REGULAR', '4TH'),
(80, 'GINCEE MAE', 'LAGUNDAY', 'C', 'BSEMC', '20190475', '2023-04-17', 1, 0, 'FEMALE', 'A', 'REGULAR', '4TH'),
(81, 'RENZO JAMES', 'TANGUIN', 'C', 'BSIS', '20190476', '2023-04-17', 1, 0, 'MALE', 'A', 'REGULAR', '4TH'),
(82, 'VINCENT', 'SAN BUENAVENTURA', 'J', 'BSEMC', '20190483', '2023-04-17', 1, 0, 'MALE', 'A', 'REGULAR', '4TH'),
(83, 'JEROME', 'PALLEGA', 'B', 'BSIT', '20190498', '2023-04-17', 1, 0, 'MALE', 'A', 'IRREGULAR', '4TH'),
(84, 'KYLE CHRISTIAN', 'PERNECITA', 'M', 'BSIT', '20190501', '2023-04-17', 1, 0, 'MALE', 'A', 'IRREGULAR', '4TH'),
(85, 'ALEXANDER', 'CABERTO', '-', 'BSCS', '20190502', '2023-04-17', 1, 0, 'MALE', 'A', 'REGULAR', '4TH'),
(86, 'CHARRY', 'AGBUYA', 'C', 'BSIT', '20190504', '2023-04-17', 1, 0, 'FEMALE', 'A', 'REGULAR', '4TH'),
(87, 'JHULLIOS', 'DOLOGAN', 'A', 'BSEMC', '20190506', '2023-04-17', 1, 0, 'MALE', 'A', 'REGULAR', '4TH'),
(88, 'VELJAN', 'PEÑA', 'K', 'BSIT', '20190508', '2023-04-17', 1, 0, 'MALE', 'A', 'IRREGULAR', '4TH'),
(89, 'GERALD', 'CHAVEZ', 'T', 'BSCS', '20190531', '2023-04-17', 1, 0, 'MALE', 'A', 'REGULAR', '4TH'),
(90, 'LANCE JHENSEN', 'TOLENTINO', 'S', 'BSIT', '20190535', '2023-04-17', 1, 0, 'MALE', 'A', 'REGULAR', '4TH'),
(91, 'ABEGAIL', 'LACUARIN', 'R', 'BSIT', '20190536', '2023-04-17', 1, 0, 'FEMALE', 'A', 'REGULAR', '4TH'),
(92, 'JOHNNEL', 'VELA', 'G', 'BSIT', '20190539', '2023-04-17', 1, 0, 'MALE', 'A', 'REGULAR', '4TH'),
(93, 'ANALYN', 'NOBLE', 'B', 'BSIT', '20190557', '2023-04-17', 1, 0, 'FEMALE', 'A', 'IRREGULAR', '4TH'),
(94, 'JHONNEL', 'BETITA', 'M', 'BSIT', '20190558', '2023-04-17', 1, 0, 'MALE', 'A', 'IRREGULAR', '4TH'),
(95, 'JAN HAROLD', 'DANO', 'N', 'BSIT', '20190562', '2023-04-17', 1, 0, 'MALE', 'A', 'REGULAR', '2ND'),
(96, 'SHUBY LAINE', 'JUBILADO', 'D', 'BSIS', '20190568', '2023-04-17', 1, 0, 'FEMALE', 'A', 'REGULAR', '4TH'),
(97, 'JOHN CARLO', 'DELOS SANTOS', 'A', 'BSIS', '20190581', '2023-04-17', 1, 0, ' MALE', 'A', 'IRREGULAR', '3RD'),
(98, 'JACQUELINE', 'RAMOS', 'S', 'BSEMC', '20190583', '2023-04-17', 1, 0, 'FEMALE', 'A', 'REGULAR', '4TH'),
(99, 'JOHN KIM CARLO', 'SARCIA', 'C', 'BSIS', '20190584', '2023-04-17', 1, 0, 'MALE', 'A', 'REGULAR', '4TH'),
(100, 'ROGER MOORE', 'SANGOL', 'A', 'BSCS', '20190586', '2023-04-17', 1, 0, 'MALE', 'A', 'REGULAR', '4TH'),
(101, 'JOHN MARK', 'DIACAMOS', 'C', 'BSIS', '20190590', '2023-04-17', 1, 0, 'MALE', 'A', 'REGULAR', '4TH'),
(102, 'JESUS JEROME', 'GELIG', 'M', 'BSIS', '20190593', '2023-04-17', 1, 0, 'MALE', 'A', 'REGULAR', '3RD'),
(103, 'ALLEN MARK', 'VICTORIO', 'D', 'BSEMC', '20190612', '2023-04-17', 1, 0, 'MALE', 'A', 'REGULAR', '4TH'),
(104, 'ROCHELLE ANNE', 'MOTOL', 'L', 'BSIT', '20190613', '2023-04-17', 1, 0, 'FEMALE', 'A', 'IRREGULAR', '4TH'),
(105, 'CAMILLE KISHA', 'TACAISAN', 'A', 'BSIS', '20190622', '2023-04-17', 1, 0, 'FEMALE', 'A', 'REGULAR', '4TH'),
(106, 'ROY VINCENT', 'ALBEZA', 'L', 'BSIT', '20190624', '2023-04-17', 1, 0, 'MALE', 'A', 'REGULAR', '4TH'),
(107, 'JONELLA MARIE', 'RIVERA', 'M', 'BSEMC', '20190626', '2023-04-17', 1, 0, 'MALE', 'A', 'REGULAR', '4TH'),
(108, 'RAMON JR.', 'BANDA', 'B', 'BSIS', '20190629', '2023-04-17', 1, 0, 'MALE', 'C', 'REGULAR', '4TH'),
(109, 'JELSON', 'LEBITE', 'S', 'BSIT', '20190645', '2023-04-17', 1, 0, 'MALE', 'A', 'REGULAR', '4TH'),
(110, 'JERICHO', 'SACRO', 'J', 'BSIT', '20190646', '2023-04-17', 1, 0, 'MALE', 'A', 'REGULAR', '4TH'),
(111, 'REYMAN', 'GOBRIN', 'M', 'BSIS', '20190676', '2023-04-17', 1, 0, 'MALE', 'A', 'REGULAR', '4TH'),
(112, 'ALDRIN', 'ADRIANO', 'R', 'BSEMC', '20190697', '2023-04-17', 1, 0, 'MALE', 'A', 'REGULAR', '4TH'),
(113, 'JOHN CARLO', 'SILMARO', 'D', 'BSIS', '20190699', '2023-04-17', 1, 0, 'MALE', 'A', 'REGULAR', '4TH'),
(114, 'JADE IVAN', 'IBARRA', '-', 'BSCS', '20190700', '2023-04-17', 1, 0, 'MALE', 'A', 'IRREGULAR', '4TH'),
(115, 'MARK JASON', 'INOPIA', 'M', 'BSIS', '20190712', '2023-04-17', 1, 0, 'MALE', 'A', 'IRREGULAR', '3RD'),
(116, 'KENNY LLOYD', 'CASTILLO', 'V', 'BSCS', '20190719', '2023-04-17', 1, 0, 'FEMALE', 'A', 'REGULAR', '4TH'),
(117, 'SHEAN MICHAEL', 'GALADO', 'N', 'BSIT', '20190733', '2023-04-17', 1, 0, 'FEMALE', 'A', 'REGULAR', '4TH'),
(118, 'JOSH WELL', 'ATON', 'P', 'BSEMC', '20190745', '2023-04-17', 1, 0, 'MALE', 'A', 'REGULAR', '4TH'),
(119, 'IVAN', 'ALVARINA', 'T', 'BSIS', '20190754', '2023-04-17', 1, 0, 'MALE', 'A', 'REGULAR', '4TH'),
(120, 'MARK GIL', 'GAMALO', 'C', 'BSIT', '20190756', '2023-04-17', 1, 0, 'MALE', 'A', 'REGULAR', '4TH'),
(121, 'NATHANIEL', 'ALBAÑEZ', 'R', 'BSIS', '20190758', '2023-04-17', 1, 0, 'MALE', 'A', 'REGULAR', '4TH'),
(122, 'MONIQUE', 'OSAL', 'G', 'BSIS', '20190759', '2023-04-17', 1, 0, 'FEMALE', 'B', 'REGULAR', '4TH'),
(123, 'REYMUND', 'LAGDAAN', 'E', 'BSIS', '20190761', '2023-04-17', 1, 0, 'MALE', 'B', 'REGULAR', '4TH'),
(124, 'STEVEN', 'DE JUAN', 'F', 'BSEMC', '20190763', '2023-04-17', 1, 0, 'MALE', 'A', 'REGULAR', '4TH'),
(125, 'JOHN STEPHEN', 'PATACSIL', '-', 'BSEMC', '20190770', '2023-04-17', 1, 0, 'MALE', 'A', 'REGULAR', '2ND'),
(126, 'CIARA JOY', 'BONDOC', 'C', 'BSIS', '20190780', '2023-04-17', 1, 0, 'FEMALE', 'B', 'REGULAR', '4TH'),
(127, 'KARL ANGELO', 'PERLAS', 'M', 'BSIS', '20190782', '2023-04-17', 1, 0, 'MALE', 'B', 'REGULAR', '4TH'),
(128, 'JOHANN VINCENT', 'SOTERIO', 'R', 'BSIT', '20190786', '2023-04-17', 1, 0, 'MALE', 'A', 'REGULAR', '4TH'),
(129, 'KARL ANDREI', 'MACADAT', 'R', 'BSIT', '20190787', '2023-04-17', 1, 0, 'MALE', 'A', 'IRREGULAR', '4TH'),
(130, 'CHRISTOPHER', 'CALLEJA', 'O', 'BSCS', '20190791', '2023-04-17', 1, 0, 'MALE', 'A', 'REGULAR', '4TH'),
(131, 'MARK STEVEN', 'TRAPELA', 'B', 'BSIS', '20190801', '2023-04-17', 1, 0, 'MALE', 'A', 'REGULAR', '4TH'),
(132, 'EDUARDO', 'SY', 'A', 'BSIS', '20190804', '2023-04-17', 1, 0, 'MALE', 'C', 'REGULAR', '4TH'),
(133, 'GERALD', 'MARTINEZ', 'E', 'BSIT', '20190805', '2023-04-17', 1, 0, 'MALE', 'B', 'IRREGULAR', '4TH'),
(134, 'RICHIE', 'SATURINAS', 'Z', 'BSIT', '20190813', '2023-04-17', 1, 0, 'MALE', 'B', 'REGULAR', '4TH'),
(135, 'ZANDER VEN', 'BUSTAMANTE', 'R', 'BSIS', '20190814', '2023-04-17', 1, 0, 'MALE', 'B', 'REGULAR', '4TH'),
(136, 'RUEL', 'ALMONIA', 'A', 'BSCS', '20190846', '2023-04-17', 1, 0, 'MALE', 'C', 'REGULAR', '4TH'),
(137, 'FLORENZ', 'OLAVIDEZ', 'F', 'BSIT', '20190860', '2023-04-17', 1, 0, 'MALE', 'B', 'IRREGULAR', '4TH'),
(138, 'RONNY', 'DAGONDON', 'V', 'BSIT', '20190862', '2023-04-17', 1, 0, 'MALE', 'B', 'REGULAR', '4TH'),
(139, 'GERALD', 'MANTEQUILLA', 'G', 'BSIS', '20190869', '2023-04-17', 1, 0, 'MALE', 'B', 'REGULAR', '4TH'),
(140, 'JETHRO', 'ENRIQUEZ', 'C', 'BSIT', '20190884', '2023-04-17', 1, 0, 'MALE', 'B', 'REGULAR', '4TH'),
(141, 'CICERONE ALEXANDER', 'LEA', 'M', 'BSIT', '20190957', '2023-04-17', 1, 0, 'MALE', 'A', 'REGULAR', '3RD'),
(142, 'RHAIN ROSE', 'INDOC', 'B', 'BSEMC', '20190978', '2023-04-17', 1, 0, 'FEMALE', 'A', 'REGULAR', '3RD'),
(143, 'KHYLE ANDREI', 'REMOLONA', 'T', 'BSCS', '20190981', '2023-04-17', 1, 0, 'MALE', 'A', 'REGULAR', '4TH'),
(144, 'MARK JERALD', 'INFANTE', 'F', 'BSEMC', '20190990', '2023-04-17', 1, 0, 'MALE', 'A', 'REGULAR', '4TH'),
(145, 'JONATHAN', 'LLEMIT JR.', 'C', 'BSCS', '20190992', '2023-04-17', 1, 0, 'MALE', 'B', 'REGULAR', '4TH'),
(146, 'VADA', 'ALABE', 'B', 'BSCS', '20190994', '2023-04-17', 1, 0, 'FEMALE', 'B', 'REGULAR', '4TH'),
(147, 'CHARLES DANIEL', 'TURIAGA', 'M', 'BSCS', '20190996', '2023-04-17', 1, 0, 'MALE', 'A', 'REGULAR', '4TH'),
(148, 'TIFFANY', 'LAGADON', 'S', 'BSCS', '20190997', '2023-04-17', 1, 0, 'FEMALE', 'B', 'REGULAR', '4TH'),
(149, 'JAYMART', 'LUCAS', 'D', 'BSIT', '20190998', '2023-04-17', 1, 0, 'MALE', 'A', 'REGULAR', '4TH'),
(150, 'VINCE RONNIE', 'EBAJO', 'D', 'BSIT', '20191000', '2023-04-17', 1, 0, 'MALE', 'B', 'REGULAR', '4TH'),
(151, 'JEREMY', 'TANSO', 'T', 'BSCS', '20191001', '2023-04-17', 1, 0, 'MALE', 'C', 'IRREGULAR', '4TH'),
(152, 'BERNA JOY', 'MONTEMAYOR', 'B', 'BSIT', '20191002', '2023-04-17', 1, 0, 'FEMALE', 'B', 'REGULAR', '4TH'),
(153, 'JOHN PAULO', 'PATIÑO', 'L', 'BSCS', '20191005', '2023-04-17', 1, 0, 'MALE', 'B', 'REGULAR', '4TH'),
(154, 'SHAIRA MAE', 'DEL MONTE', 'M', 'BSIT', '20191006', '2023-04-17', 1, 0, 'FEMALE', 'B', 'REGULAR', '4TH'),
(155, 'KENSHIN', 'DELA CRUZ', 'V', 'BSIT', '20191007', '2023-04-17', 1, 0, 'MALE', 'B', 'REGULAR', '4TH'),
(156, 'JOSHUA', 'BENAVIDES', 'R', 'BSEMC', '20191008', '2023-04-17', 1, 0, 'MALE', 'A', 'REGULAR', '4TH'),
(157, 'MELANIE', 'DEZA', 'G', 'BSIT', '20191009', '2023-04-17', 1, 0, 'FEMALE', 'B', 'REGULAR', '4TH'),
(158, 'ALDIN JAY', 'FLORANDA', 'O', 'BSCS', '20191010', '2023-04-17', 1, 0, 'MALE', 'B', 'REGULAR', '4TH'),
(159, 'RICHARD', 'VELORIA JR.', 'T', 'BSCS', '20191011', '2023-04-17', 1, 0, 'MALE', 'B', 'REGULAR', '4TH'),
(160, 'JOHN LENARD', 'MANGAY-AYAM', 'C', 'BSCS', '20191012', '2023-04-17', 1, 0, 'MALE', 'B', 'REGULAR', '4TH'),
(161, 'RUSSEL', 'TAJADA', 'B', 'BSCS', '20191013', '2023-04-17', 1, 0, 'MALE', 'B', 'REGULAR', '4TH'),
(162, 'CHRISTIAN JAY', 'AMANTE', 'P', 'BSIS', '20191020', '2023-04-17', 1, 0, 'MALE', 'B', 'REGULAR', '4TH'),
(163, 'FERNANDO', 'JUGARAP', 'A', 'BSIT', '20191022', '2023-04-17', 1, 0, 'MALE', 'B', 'IRREGULAR', '3RD'),
(164, 'RICHMOND ANTHONY', 'GULANE', 'D', 'BSIT', '20191025', '2023-04-17', 1, 0, 'MALE', 'B', 'REGULAR', '4TH'),
(165, 'JON BRYAN', 'SAMSON', 'B', 'BSCS', '20191027', '2023-04-17', 1, 0, 'MALE', 'B', 'REGULAR', '4TH'),
(166, 'PRINCESS DYDRED', 'FRANCO', 'V', 'BSIS', '20191028', '2023-04-17', 1, 0, 'FEMALE', 'B', 'REGULAR', '4TH'),
(167, 'KJ', 'AYNERA', 'B', 'BSCS', '20191029', '2023-04-17', 1, 0, 'MALE', 'B', 'REGULAR', '4TH'),
(168, 'JERRY', 'AWACAY JR', 'F', 'BSIS', '20191030', '2023-04-17', 1, 0, 'MALE', 'B', 'REGULAR', '4TH'),
(169, 'MARK NEIL', 'EMBILE', 'D', 'BSCS', '20191039', '2023-04-17', 1, 0, 'MALE', 'B', 'REGULAR', '4TH'),
(170, 'BRANDELL BOBBY', 'REYES', 'R', 'BSCS', '20191047', '2023-04-17', 1, 0, 'MALE', 'B', 'REGULAR', '4TH'),
(171, 'JOHN CARLO', 'MANDIA', '-', 'BSIS', '20191050', '2023-04-17', 1, 0, 'MALE', 'B', 'REGULAR', '4TH'),
(172, 'FLORENCE', 'CARSULA', 'M', 'BSIT', '20191051', '2023-04-17', 1, 0, 'MALE', 'B', 'REGULAR', '4TH'),
(173, 'CHRISTIAN MARIE', 'LLORCA', 'C', 'BSIT', '20191053', '2023-04-17', 1, 0, 'MALE', 'B', 'REGULAR', '4TH'),
(174, 'JAMES BRYAN', 'TANDAS', 'G', 'BSIT', '20191055', '2023-04-17', 1, 0, 'MALE', 'B', 'REGULAR', '4TH'),
(175, 'MARK STEVEN', 'LANSANGAN', 'G', 'BSCS', '20191056', '2023-04-17', 1, 0, 'MALE', 'B', 'IRREGULAR', '4TH'),
(176, 'CLARENCE JAMES', 'ORIAS', 'G', 'BSCS', '20191058', '2023-04-17', 1, 0, 'MALE', 'B', 'IRREGULAR', '4TH'),
(177, 'ANDREA MAY', 'INTIA', 'L', 'BSIT', '20191059', '2023-04-17', 1, 0, 'FEMALE', 'B', 'REGULAR', '4TH'),
(178, 'CARLO', 'DIAZ', 'L', 'BSCS', '20191060', '2023-04-17', 1, 0, 'MALE', 'A', 'REGULAR', '4TH'),
(179, 'JAYMAR', 'WALOHAN', 'M', 'BSCS', '20191065', '2023-04-17', 1, 0, 'MALE', 'A', 'REGULAR', '4TH'),
(180, 'GABRIELLE', 'NAPOTO', 'D', 'BSCS', '20191071', '2023-04-17', 1, 0, 'FEMALE', 'A', 'REGULAR', '4TH'),
(181, 'CARLO', 'CORTES', 'T', 'BSCS', '20191079', '2023-04-17', 1, 0, 'MALE', 'B', 'REGULAR', '4TH'),
(182, 'IVAN REY', 'DELFIN', 'G', 'BSCS', '20191082', '2023-04-17', 1, 0, 'MALE', 'B', 'REGULAR', '4TH'),
(183, 'JOVANI ANNE', 'BANTILAN', 'S', 'BSIS', '20191087', '2023-04-17', 1, 0, 'FEMALE', 'B', 'REGULAR', '4TH'),
(184, 'JON ROLANDO', 'MANUEL', 'D', 'BSCS', '20191090', '2023-04-17', 1, 0, 'MALE', 'B', 'REGULAR', '4TH'),
(185, 'DEMVERLEEN ', 'ESPINOLA', 'R', 'BSCS', '20191094', '2023-04-17', 1, 0, 'FEMALE', 'A', 'REGULAR', '4TH'),
(186, 'RHENDEL', 'DIOSO', 'C', 'BSCS', '20191097', '2023-04-17', 1, 0, 'MALE', 'B', 'REGULAR', '4TH'),
(187, 'SEAN KIM', 'EBARLE', 'T', 'BSCS', '20191105', '2023-04-17', 1, 0, 'MALE', 'A', 'REGULAR', '4TH'),
(188, 'JESSICA', 'CUSI', 'A', 'BSEMC', '20191108', '2023-04-17', 1, 0, 'FEMALE', 'B', 'REGULAR', '4TH'),
(189, 'KARL ALDRINNE', 'SEBASTIAN', 'D', 'BSCS', '20191112', '2023-04-17', 1, 0, 'MALE', 'A', 'REGULAR', '4TH'),
(190, 'CHRISTIAN JADE', 'VILLALUZ', 'F', 'BSCS', '20191114', '2023-04-17', 1, 0, 'MALE', 'C', 'IRREGULAR', '4TH'),
(191, 'EFRHAIM JAY', 'RIATE', 'J', 'BSCS', '20191115', '2023-04-17', 1, 0, 'MALE', 'A', 'REGULAR', '4TH'),
(192, 'CHRISTIAN', 'LOREMAS', 'B', 'BSEMC', '20191126', '2023-04-17', 1, 0, 'MALE', 'B', 'REGULAR', '4TH'),
(193, 'MARK JOEL', 'CALIMAG', 'V', 'BSCS', '20191127', '2023-04-17', 1, 0, 'MALE', 'C', 'REGULAR', '4TH'),
(194, 'DEMZIL IAN', 'ZAMORA', 'L', 'BSCS', '20191131', '2023-04-17', 1, 0, 'MALE', 'A', 'IRREGULAR', '4TH'),
(195, 'JOHN RALPH', 'SILA', '-', 'BSCS', '20191136', '2023-04-17', 1, 0, 'MALE', 'A', 'REGULAR', '4TH'),
(196, 'MARIFER', 'OLAIVAR', 'R', 'BSEMC', '20191137', '2023-04-17', 1, 0, 'FEMALE', 'B', 'REGULAR', '4TH'),
(197, 'CHARLLIN', 'MARZAN', 'F', 'BSEMC', '20191138', '2023-04-17', 1, 0, 'FEMALE', 'B', 'REGULAR', '4TH'),
(198, 'KEVIN', 'CORPIN', 'Z', 'BSCS', '20191155', '2023-04-17', 1, 0, 'MALE', 'A', 'REGULAR', '4TH'),
(199, 'ALJUN ', 'EMBALSADO', 'A', 'BSIS', '20191156', '2023-04-17', 1, 0, 'MALE', 'C', 'REGULAR', '4TH'),
(200, 'TRIZHALYN', 'MAGLANGIT', 'L', 'BSCS', '20191172', '2023-04-17', 1, 0, 'FEMALE', 'A', 'REGULAR', '4TH'),
(201, 'CLARK RAJ', 'LEDESMA', 'B', 'BSIT', '20191178', '2023-04-17', 1, 0, 'MALE', 'A', 'REGULAR', '2ND'),
(202, 'LESTER', 'DESALISA', 'L', 'BSIT', '20191180', '2023-04-17', 1, 0, 'MALE', 'B', 'IRREGULAR', '4TH'),
(203, 'BILLY JOU', 'NILLOS', 'P', 'BSCS', '20191181', '2023-04-17', 1, 0, 'MALE', 'A', 'REGULAR', '4TH'),
(204, 'HAZEL', 'IGNACIO', 'M', 'BSCS', '20191187', '2023-04-17', 1, 0, 'FEMALE', 'B', 'REGULAR', '4TH'),
(205, 'JOEBERT', 'PACARDO', '-', 'BSEMC', '20191188', '2023-04-17', 1, 0, 'MALE', 'B', 'REGULAR', '4TH'),
(206, 'EURY CLAIRE', 'VILLAFLORES', 'P', 'BSIT', '20191189', '2023-04-17', 1, 0, 'FEMALE', 'B', 'REGULAR', '4TH'),
(207, 'PRINCE JOSHUA', 'BATICAN', 'G', 'BSIT', '20191190', '2023-04-17', 1, 0, 'MALE', 'B', 'REGULAR', '4TH'),
(208, 'RAJANNAH', 'ESTRELLA', 'F', 'BSIT', '20191191', '2023-04-17', 1, 0, 'FEMALE', 'B', 'REGULAR', '4TH'),
(209, 'JERUD', 'OCAMPO', 'V', 'BSCS', '20191193', '2023-04-17', 1, 0, 'MALE', 'B', 'IRREGULAR', '4TH'),
(210, 'JOHN VINCENT', 'MERANTES', 'T', 'BSCS', '20191194', '2023-04-17', 1, 0, 'MALE', 'B', 'IRREGULAR', '4TH'),
(211, 'JAMES PATRICK', 'PALMA', 'A', 'BSEMC', '20191197', '2023-04-17', 1, 0, 'MALE', 'B', 'REGULAR', '4TH'),
(212, 'LEONARDO', 'LUCERO', 'L', 'BSEMC', '20191201', '2023-04-17', 1, 0, 'MALE', 'B', 'REGULAR', '4TH'),
(213, 'JOSEPH', 'ALDEA', 'T', 'BSIS', '20191204', '2023-04-17', 1, 0, 'MALE', 'B', 'REGULAR', '4TH'),
(214, 'GEOFREY', 'ALEMAN', 'B', 'BSCS', '20191208', '2023-04-17', 1, 0, 'MALE', 'B', 'REGULAR', '4TH'),
(215, 'ERIKA', 'PAGUIA', 'P', 'BSIT', '20191221', '2023-04-17', 1, 0, 'FEMALE', 'B', 'IRREGULAR', '4TH'),
(216, 'BRYAN', 'BAUTISTA', 'M', 'BSIT', '20191222', '2023-04-17', 1, 0, 'MALE', 'B', 'REGULAR', '4TH'),
(217, 'ROBERTO', 'DE LEON JR.', 'D', 'BSIT', '20191226', '2023-04-17', 1, 0, 'MALE', 'B', 'REGULAR', '4TH'),
(218, 'JERICHO', 'REDOBLA', 'M', 'BSIT', '20191228', '2023-04-17', 1, 0, 'MALE', 'B', 'REGULAR', '4TH'),
(219, 'JOHN CRIS', 'DE JOSE', 'T', 'BSIT', '20191230', '2023-04-17', 1, 0, 'MALE', 'B', 'REGULAR', '4TH'),
(220, 'HARVEY NICOLE', 'ALHAMBRA', 'M', 'BSEMC', '20191232', '2023-04-17', 1, 0, 'MALE', 'B', 'REGULAR', '4TH'),
(221, 'MELANIE', 'SALAGAN', 'P', 'BSIT', '20191236', '2023-04-17', 1, 0, 'FEMALE', 'A', 'IRREGULAR', '4TH'),
(222, 'KRISTIA NICOLE', 'RAMIREZ', 'P', 'BSIS', '20191244', '2023-04-17', 1, 0, 'FEMALE', 'B', 'REGULAR', '4TH'),
(223, 'EDRIANE', 'BARCITA', 'D', 'BSCS', '20191251', '2023-04-17', 1, 0, 'MALE', 'A', 'REGULAR', '4TH'),
(224, 'JIROV NICOLAJ', 'AUDITOR', 'G', 'BSIT', '20191255', '2023-04-17', 1, 0, 'MALE', 'A', 'IRREGULAR', '2ND'),
(225, 'JOHN MARK CYRUS', 'PACUAN', '-', 'BSIT', '20191256', '2023-04-17', 1, 0, 'MALE', 'A', 'IRREGULAR', '4TH'),
(226, 'MITCHELE ANDREW', 'AMBROSIO', 'P', 'BSIT', '20191258', '2023-04-17', 1, 0, 'MALE', 'A', 'IRREGULAR', '4TH'),
(227, 'REYNEL', 'CIABAL', 'M', 'BSCS', '20191280', '2023-04-17', 1, 0, 'MALE', 'B', 'REGULAR', '4TH'),
(228, 'MIKKIE', 'GREGORIO', '-', 'BSCS', '20191285', '2023-04-17', 1, 0, 'MALE', 'A', 'REGULAR', '4TH'),
(229, 'PAUL ARIES', 'MENIADO', 'J', 'BSEMC', '20191287', '2023-04-17', 1, 0, 'MALE', 'B', 'REGULAR', '4TH'),
(230, 'SHANE KIAN', 'NAVERA', 'O', 'BSEMC', '20191294', '2023-04-17', 1, 0, 'MALE', 'B', 'REGULAR', '4TH'),
(231, 'NIKKI', 'BA-ALAN', 'E', 'BSCS', '20191299', '2023-04-17', 1, 0, 'FEMALE', 'A', 'REGULAR', '4TH'),
(232, 'VINCE RISEN', 'POLICARPIO', 'E', 'BSEMC', '20191302', '2023-04-17', 1, 0, 'MALE', 'B', 'REGULAR', '4TH'),
(233, 'JOHN PAUL', 'QUIA', '-', 'BSCS', '20191309', '2023-04-17', 1, 0, 'MALE', 'A', 'REGULAR', '4TH'),
(234, 'EDJELYN JASMIN', 'DE VERA', 'R', 'BSIT', '20191315', '2023-04-17', 1, 0, 'FEMALE', 'A', 'IRREGULAR', '4TH'),
(235, 'FRANCE', 'RECAÑA', '-', 'BSIT', '20191318', '2023-04-17', 1, 0, 'MALE', 'B', 'IRREGULAR', '2ND'),
(236, 'JOHN LLOYD', 'IGHARAS', 'N', 'BSCS', '20191323', '2023-04-17', 1, 0, 'MALE', 'A', 'REGULAR', '4TH'),
(237, 'JERRYL MAE', 'BELIC', 'G', 'BSCS', '20191326', '2023-04-17', 1, 0, 'FEMALE', 'B', 'REGULAR', '4TH'),
(238, 'EDGARDO', 'CABALLERO', 'M', 'BSCS', '20191339', '2023-04-17', 1, 0, 'MALE', 'B', 'IRREGULAR', '4TH'),
(239, 'JOHN MARTI', 'TARAN', 'T', 'BSEMC', '20191349', '2023-04-17', 1, 0, 'MALE', 'B', 'REGULAR', '4TH'),
(240, 'AMAR', 'MARAVILLA', 'C', 'BSCS', '20191366', '2023-04-17', 1, 0, 'MALE', 'B', 'REGULAR', '4TH'),
(241, 'JERECHO', 'JOLO', 'L', 'BSCS', '20191367', '2023-04-17', 1, 0, 'MALE', 'A', 'REGULAR', '4TH'),
(242, 'JOHN JOSUAH', 'PAMINTUAN', 'M', 'BSCS', '20191368', '2023-04-17', 1, 0, 'MALE', 'A', 'REGULAR', '4TH'),
(243, 'NAZARIO', 'RABINO JR.', 'D', 'BSIS', '20191372', '2023-04-17', 1, 0, 'MALE', 'B', 'REGULAR', '4TH'),
(244, 'JOHN PHILIP', 'BULACLAC', 'N', 'BSCS', '20191375', '2023-04-17', 1, 0, 'MALE', 'A', 'REGULAR', '4TH'),
(245, 'JOHN BRICKS', 'CARSOLA', 'H', 'BSIT', '20191376', '2023-04-17', 1, 0, 'MALE', 'B', 'IRREGULAR', '4TH'),
(246, 'KARL EDUARD', 'VIANA', 'B', 'BSCS', '20191382', '2023-04-17', 1, 0, 'MALE', 'A', 'REGULAR', '4TH'),
(247, 'BRYCE', 'LUNA', 'D', 'BSIT', '20191385', '2023-04-17', 1, 0, 'MALE', 'B', 'REGULAR', '4TH'),
(248, 'JOHN ERIC', 'MANUEL', 'D', 'BSEMC', '20191402', '2023-04-17', 1, 0, 'MALE', 'B', 'REGULAR', '4TH'),
(249, 'JERICO', 'GALIT', 'B', 'BSIS', '20191403', '2023-04-17', 1, 0, 'MALE', 'C', 'REGULAR', '4TH'),
(250, 'JHAN RHOAN', 'SALAZAR', 'M', 'BSIT', '20191404', '2023-04-17', 1, 0, 'MALE', 'B', 'REGULAR', '4TH'),
(251, 'JASON', 'NARVAEZ', 'P', 'BSCS', '20191408', '2023-04-17', 1, 0, 'MALE', 'B', 'REGULAR', '4TH'),
(252, 'JAKE', 'FLORES', 'L', 'BSCS', '20191411', '2023-04-17', 1, 0, 'MALE', 'B', 'REGULAR', '4TH'),
(253, 'EZEKIEL', 'SECOPITO', 'B', 'BSEMC', '20191413', '2023-04-17', 1, 0, 'MALE', 'B', 'REGULAR', '4TH'),
(254, 'JAMES RAVEN', 'BALDOZA', 'A', 'BSIT', '20191425', '2023-04-17', 1, 0, 'MALE', 'B', 'REGULAR', '4TH'),
(255, 'CARL JOHN', 'BONETE', 'V', 'BSIT', '20191426', '2023-04-17', 1, 0, 'MALE', 'B', 'REGULAR', '4TH'),
(256, 'EDMOND', 'FRANCO', 'S', 'BSIT', '20191428', '2023-04-17', 1, 0, 'MALE', 'B', 'IRREGULAR', '4TH'),
(257, 'GEOFFREY', 'BIACO', 'P', 'BSCS', '20191456', '2023-04-17', 1, 0, 'MALE', 'B', 'REGULAR', '4TH'),
(258, 'CHRISTIAN', 'NICOLAS', 'P', 'BSIS', '20191470', '2023-04-17', 1, 0, 'MALE', 'B', 'REGULAR', '4TH'),
(259, 'JEFFERSON', 'MISCALA', 'B', 'BSIT', '20191475', '2023-04-17', 1, 0, 'MALE', 'B', 'REGULAR', '4TH'),
(260, 'JOHN MARK', 'FALCOTELO', 'D', 'BSIT', '20191478', '2023-04-17', 1, 0, 'MALE', 'B', 'REGULAR', '4TH'),
(261, 'KENNETH JASPER', 'AGUILAR', 'D', 'BSIT', '20191488', '2023-04-17', 1, 0, 'MALE', 'B', 'REGULAR', '4TH'),
(262, 'JONNIEL', 'OMBAL', 'C', 'BSIT', '20191489', '2023-04-17', 1, 0, 'MALE', 'B', 'IRREGULAR', '4TH'),
(263, 'CHERRIE', 'SENILLO', 'S', 'BSIS', '20191490', '2023-04-17', 1, 0, 'FEMALE', 'B', 'REGULAR', '4TH'),
(264, 'JHENARD', 'VALENTE', 'C', 'BSEMC', '20191491', '2023-04-17', 1, 0, 'MALE', 'B', 'REGULAR', '4TH'),
(265, 'JUSTIN', 'ALMODOVAR', 'C', 'BSIS', '20191492', '2023-04-17', 1, 0, 'MALE', 'C', 'REGULAR', '4TH'),
(266, 'MHELVILYN', 'GAYETANO', 'S', 'BSIS', '20191492', '2023-04-17', 1, 0, 'FEMALE', 'B', 'REGULAR', '4TH'),
(267, 'FERNANDO JR.', 'PELICANO', 'R', 'BSIT', '20191496', '2023-04-17', 1, 0, 'MALE', 'B', 'IRREGULAR', '4TH'),
(268, 'JOHN DERICK', 'RODAJE', 'N', 'BSIT', '20191500', '2023-04-17', 1, 0, 'MALE', 'B', 'REGULAR', '4TH'),
(269, 'RAZEL JOHN', 'BARRAZA', 'L', 'BSEMC', '20191502', '2023-04-17', 1, 0, 'MALE', 'B', 'REGULAR', '4TH'),
(270, 'DENNIS', 'TADAY', 'C', 'BSIT', '20191504', '2023-04-17', 1, 0, 'MALE', 'B', 'REGULAR', '4TH'),
(271, 'JOCO', 'MAGDARAOG', 'A', 'BSIS', '20191509', '2023-04-17', 1, 0, 'MALE', 'B', 'REGULAR', '4TH'),
(272, 'AILA JANELLA', 'MARIÑO', 'D', 'BSIS', '20191517', '2023-04-17', 1, 0, 'FEMALE', 'B', 'REGULAR', '4TH'),
(273, 'RAYBHEN', 'BARBACHANO', 'R', 'BSCS', '20191518', '2023-04-17', 1, 0, 'MALE', 'B', 'IRREGULAR', '4TH'),
(274, 'JAN ANTHONY', 'ALINDOGAN', 'C', 'BSEMC', '20191519', '2023-04-17', 1, 0, 'MALE', 'B', 'REGULAR', '4TH'),
(275, 'MIKE JEFFERSON', 'NUÑEZ', 'M', 'BSIS', '20191521', '2023-04-17', 1, 0, 'MALE', 'B', 'REGULAR', '4TH'),
(276, 'JOSHUA', 'BACANI', 'M', 'BSIS', '20191528', '2023-04-17', 1, 0, 'MALE', 'B', 'REGULAR', '4TH'),
(277, 'MIKO', 'BOMBITA', 'B', 'BSEMC', '20191533', '2023-04-17', 1, 0, 'MALE', 'B', 'REGULAR', '4TH'),
(278, 'JONATHAN', 'LEONIDA', 'R', 'BSIS', '20191538', '2023-04-17', 1, 0, 'MALE', 'B', 'REGULAR', '4TH'),
(279, 'JUN', 'TAKANO', 'B', 'BSIT', '20191548', '2023-04-17', 1, 0, 'FEMALE', 'A', 'IRREGULAR', '4TH'),
(280, 'IAN ALEXANDER', 'VILLANUEVA', 'C', 'BSIS', '20191551', '2023-04-17', 1, 0, 'MALE', 'B', 'REGULAR', '4TH'),
(281, 'HERO MIGUEL', 'RODRIGUEZ', 'F', 'BSEMC', '20191576', '2023-04-17', 1, 0, 'MALE', 'A', 'REGULAR', '4TH'),
(282, 'LEMUEL', 'LAGUSAN', 'P', 'BSEMC', '20191577', '2023-04-17', 1, 0, 'MALE', 'B', 'REGULAR', '4TH'),
(283, 'DWIGHT DOMINIC', 'GALAGAR', 'G', 'BSIS', '20191591', '2023-04-17', 1, 0, 'MALE', 'B', 'IRREGULAR', '4TH'),
(284, 'AVELINO', 'FAROL JR', 'Q', 'BSIS', '20191595', '2023-04-17', 1, 0, 'MALE', 'A', 'REGULAR', '3RD'),
(285, 'JAYVEE', 'DEL ROSARIO', 'B', 'BSEMC', '20191606', '2023-04-17', 1, 0, 'MALE', 'B', 'REGULAR', '4TH'),
(286, 'CHRIS JERICK', 'JALIPA', 'S', 'BSIS', '20191608', '2023-04-17', 1, 0, 'MALE', 'A', 'IRREGULAR', '2ND'),
(287, 'JAN CAMILLE', 'NOCELLADO', 'P', 'BSIS', '20191609', '2023-04-17', 1, 0, 'FEMALE', 'B', 'REGULAR', '4TH'),
(288, 'EMMANUEL', 'BAJAN', 'C', 'BSIS', '20191620', '2023-04-17', 1, 0, 'MALE', 'B', 'REGULAR', '4TH'),
(289, 'MICHELLE ANN', 'CABUSI', 'E', 'BSEMC', '20191627', '2023-04-17', 1, 0, 'FEMALE', 'B', 'REGULAR', '4TH'),
(290, 'NIGEL', 'PETARGUE', 'P', 'BSIS', '20191641', '2023-04-17', 1, 0, 'MALE', 'B', 'REGULAR', '4TH'),
(291, 'MAR VERT JAYSON', 'NEYRA', 'M', 'BSEMC', '20191650', '2023-04-17', 1, 0, 'MALE', 'A', 'REGULAR', '4TH'),
(292, 'SHERRA MAE', 'MENDOZA', 'C', 'BSEMC', '20191651', '2023-04-17', 1, 0, 'FEMALE', 'A', 'REGULAR', '4TH'),
(293, 'LOUIZE', 'ESQUIVEL', 'N', 'BSEMC', '20191652', '2023-04-17', 1, 0, 'MALE', 'B', 'REGULAR', '4TH'),
(294, 'LANDER', 'BIAG', 'D', 'BSEMC', '20191654', '2023-04-17', 1, 0, 'MALE', 'A', 'REGULAR', '4TH'),
(295, 'VAL RAYMUND', 'PAZ', 'T', 'BSEMC', '20191657', '2023-04-17', 1, 0, 'MALE', 'B', 'REGULAR', '4TH'),
(296, 'RIO', 'DELA CRUZ', 'R', 'BSEMC', '20191679', '2023-04-17', 1, 0, 'MALE', 'B', 'REGULAR', '4TH'),
(297, 'JOHN EDMAR', 'PELAEZ', 'B', 'BSIT', '20191697', '2023-04-17', 1, 0, 'MALE', 'B', 'IRREGULAR', '4TH'),
(298, 'LUISA', 'PALIS', 'O', 'BSIS', '20191716', '2023-04-17', 1, 0, 'FEMALE', 'B', 'REGULAR', '4TH'),
(299, 'JAKE BOWIE', 'PINEDA', 'D', 'BSIS', '20191758', '2023-04-17', 1, 0, 'MALE', 'C', 'REGULAR', '4TH'),
(300, 'SATURNINO', 'URSUA JR.', 'V', 'BSCS', '20191766', '2023-04-17', 1, 0, 'MALE', 'C', 'REGULAR', '4TH'),
(301, 'RONAN', 'CRUZ', 'G', 'BSEMC', '20191777', '2023-04-17', 1, 0, 'MALE', 'B', 'REGULAR', '4TH'),
(302, 'KRISTA MAE', 'MONARES', '-', 'BSIS', '20191792', '2023-04-17', 1, 0, 'FEMALE', 'B', 'REGULAR', '4TH'),
(303, 'IVY', 'MORALES', 'P', 'BSIS', '20191794', '2023-04-17', 1, 0, 'FEMALE', 'C', 'REGULAR', '4TH'),
(304, 'LEA', 'GALLARDO', 'T', 'BSCS', '20191805', '2023-04-17', 1, 0, 'FEMALE', 'C', 'REGULAR', '4TH'),
(305, 'CHRISTIAN JAY', 'CORBITO', 'L', 'BSIS', '20191813', '2023-04-17', 1, 0, 'MALE', 'A', 'IRREGULAR', '3RD'),
(306, 'KATHERINE', 'GRAGG', 'B', 'BSIS', '20191815', '2023-04-17', 1, 0, 'FEMALE', 'C', 'REGULAR', '4TH'),
(307, 'ARVIE JON CHRISTIAN', 'JAVIER', 'P', 'BSIS', '20191822', '2023-04-17', 1, 0, 'MALE', 'C', 'REGULAR', '4TH'),
(308, 'SHIELLA MAY', 'SAJOL', 'M', 'BSCS', '20191823', '2023-04-17', 1, 0, 'FEMALE', 'C', 'REGULAR', '4TH'),
(309, 'GENARO', 'DESA', 'A', 'BSEMC', '20191835', '2023-04-17', 1, 0, 'MALE', 'B', 'REGULAR', '4TH'),
(310, 'REY', 'OBIS', 'M', 'BSIS', '20191862', '2023-04-17', 1, 0, 'MALE', 'C', 'REGULAR', '4TH'),
(311, 'RACKY', 'SATIOQUIA', 'S', 'BSIS', '20191876', '2023-04-17', 1, 0, 'MALE', 'C', 'REGULAR', '4TH'),
(312, 'JENNIFER', 'LOR', 'B', 'BSIS', '20191877', '2023-04-17', 1, 0, 'FEMALE', 'C', 'REGULAR', '4TH'),
(313, 'CARL MICHAEL', 'YAPE', 'L', 'BSIS', '20191879', '2023-04-17', 1, 0, 'MALE', 'C', 'REGULAR', '4TH'),
(314, 'ROMAR', 'MONTERO', 'S', 'BSCS', '20191886', '2023-04-17', 1, 0, 'MALE', 'C', 'REGULAR', '4TH'),
(315, 'ROSELLE', 'MANTILE', 'M', 'BSIS', '20191894', '2023-04-17', 1, 0, 'FEMALE', 'C', 'REGULAR', '4TH'),
(316, 'JONELL', 'ELBAT', 'D', 'BSEMC', '20191918', '2023-04-17', 1, 0, 'MALE', 'A', 'REGULAR', '4TH'),
(317, 'JOSHUA', 'ENERO', 'R', 'BSEMC', '20191932', '2023-04-17', 1, 0, 'MALE', 'A', 'REGULAR', '4TH'),
(318, 'SARAH GRACE ARLYN', 'OBEN', '-', 'BSCS', '20191940', '2023-04-17', 1, 0, 'FEMALE', 'C', 'REGULAR', '4TH'),
(319, 'KRISDALE ANGELU', 'MARTINEZ', 'R', 'BSIS', '20191951', '2023-04-17', 1, 0, 'FEMALE', 'C', 'REGULAR', '4TH'),
(320, 'CYREL JOHN', 'CARBONEL', 'C', 'BSEMC', '20191952', '2023-04-17', 1, 0, 'MALE', 'A', 'REGULAR', '4TH'),
(321, 'RAYMOND', 'GUTIERREZ', 'D', 'BSIS', '20191954', '2023-04-17', 1, 0, 'MALE', 'C', 'REGULAR', '4TH'),
(322, 'MARNEL', 'DELA CRUZ', 'N', 'BSEMC', '20191960', '2023-04-17', 1, 0, 'MALE', 'B', 'REGULAR', '4TH'),
(323, 'BERNARDO JR.', 'MARMOL', 'S', 'BSCS', '20191982', '2023-04-17', 1, 0, 'MALE', 'A', 'IRREGULAR', '3RD'),
(324, 'JUSTINE', 'PODIOTAN', 'F', 'BSCS', '20191992', '2023-04-17', 1, 0, 'MALE', 'C', 'REGULAR', '4TH'),
(325, 'EJAY', 'ABING', 'B', 'BSEMC', '20191999', '2023-04-17', 1, 0, 'MALE', 'B', 'REGULAR', '4TH'),
(326, 'ERICSON', 'MARISCOTES', 'C', 'BSCS', '20192006', '2023-04-17', 1, 0, 'MALE', 'C', 'REGULAR', '4TH'),
(327, 'JAY ROBET', 'QUIÑONES', 'B', 'BSIT', '20192021', '2023-04-17', 1, 0, 'MALE', 'B', 'IRREGULAR', '4TH'),
(328, 'ERICA JEAN', 'NAZARIA', 'B', 'BSIS', '20192026', '2023-04-17', 1, 0, 'FEMALE', 'C', 'REGULAR', '4TH'),
(329, 'MARC CEDRICK', 'FULGENCIO', 'A', 'BSIT', '20192027', '2023-04-17', 1, 0, 'MALE', 'B', 'IRREGULAR', '4TH'),
(330, 'LUIS CHRISTIAN', 'VIAJEDOR', 'D', 'BSIS', '20192047', '2023-04-17', 1, 0, 'MALE', 'C', 'REGULAR', '4TH'),
(331, 'RAFAEL', 'NAPOLES', 'A', 'BSIS', '20192048', '2023-04-17', 1, 0, 'MALE', 'C', 'REGULAR', '4TH'),
(332, 'CHRISTIAN', 'JAMAYBAY', 'V', 'BSCS', '20192060', '2023-04-17', 1, 0, 'MALE', 'C', 'IRREGULAR', '4TH'),
(333, 'DANILO JR.', 'TORRENTE', 'D', 'BSIS', '20192070', '2023-04-17', 1, 0, 'MALE', 'C', 'REGULAR', '4TH'),
(334, 'CAMILLE', 'AGBUYA', 'C', 'BSIS', '20192079', '2023-04-17', 1, 0, 'FEMALE', 'C', 'REGULAR', '4TH'),
(335, 'JAY LESTER', 'IGOT', 'B', 'BSIS', '20192081', '2023-04-17', 1, 0, 'MALE', 'C', 'REGULAR', '4TH'),
(336, 'DOMINIC JHON', 'SULAT', 'V', 'BSCS', '20192085', '2023-04-17', 1, 0, 'MALE', 'C', 'REGULAR', '4TH'),
(337, 'JESSICA JOY', 'GAPUSAN', 'S', 'BSCS', '20192091', '2023-04-17', 1, 0, 'FEMALE', 'C', 'REGULAR', '4TH'),
(338, 'MISCHELE', 'LOBRENO', 'Z', 'BSCS', '20192108', '2023-04-17', 1, 0, 'FEMALE', 'C', 'REGULAR', '4TH'),
(339, 'KENNETH', 'VITTO', 'Z', 'BSIS', '20192111', '2023-04-17', 1, 0, 'MALE', 'C', 'REGULAR', '4TH'),
(340, 'CLEFTON', 'LAMBO', 'M', 'BSIS', '20192115', '2023-04-17', 1, 0, 'MALE', 'C', 'REGULAR', '4TH'),
(341, 'KENT EDRIAN', 'NAVARRO', 'A', 'BSIS', '20192116', '2023-04-17', 1, 0, 'MALE', 'C', 'REGULAR', '4TH'),
(342, 'MARY JOY', 'LACOPANTO', 'C', 'BSCS', '20192127', '2023-04-17', 1, 0, 'FEMALE', 'C', 'REGULAR', '4TH'),
(343, 'JENNYLYN', 'RIEGO', 'B', 'BSCS', '20192128', '2023-04-17', 1, 0, 'FEMALE', 'C', 'REGULAR', '4TH'),
(344, 'SHARLYMAINE', 'MAHUSAY', 'M', 'BSCS', '20192129', '2023-04-17', 1, 0, 'FEMALE', 'C', 'REGULAR', '4TH'),
(345, 'JHUNRIZ', 'LALATA', 'B', 'BSCS', '20192135', '2023-04-17', 1, 0, 'MALE', 'C', 'REGULAR', '4TH'),
(346, 'REILLY KYLE', 'RUBANTE', 'L', 'BSCS', '20192136', '2023-04-17', 1, 0, 'MALE', 'C', 'REGULAR', '4TH'),
(347, 'NORY MOJACKO', 'OCAMPO', 'S', 'BSIS', '20192147', '2023-04-17', 1, 0, 'MALE', 'C', 'REGULAR', '4TH'),
(348, 'AUSTIN JOHN', 'ROYO', '-', 'BSIS', '20192150', '2023-04-17', 1, 0, 'MALE', 'C', 'REGULAR', '4TH'),
(349, 'JUAN PAOLO', 'ORTEGA', 'Z', 'BSCS', '20192166', '2023-04-17', 1, 0, 'MALE', 'C', 'REGULAR', '4TH'),
(350, 'ROVIC', 'PEÑALES', 'S', 'BSIS', '20192177', '2023-04-17', 1, 0, 'FEMALE', 'C', 'REGULAR', '4TH'),
(351, 'JOHN PAULO', 'HERBOLARIO', 'B', 'BSIT', '20192195', '2023-04-17', 1, 0, 'MALE', 'B', 'REGULAR', '4TH'),
(352, 'LORDWYN', 'CEÑO', '-', 'BSEMC', '20192211', '2023-04-17', 1, 0, 'MALE', 'B', 'REGULAR', '4TH'),
(353, 'FRANCIS OLIVER', 'HILOMA', 'D', 'BSCS', '20192217', '2023-04-17', 1, 0, 'MALE', 'C', 'REGULAR', '4TH'),
(354, 'CARL EMMANUEL', 'SY', 'A', 'BSCS', '20192221', '2023-04-17', 1, 0, 'MALE', 'C', 'REGULAR', '4TH'),
(355, 'ANGELICA KRISTINE', 'SAN DIEGO', 'Y', 'BSCS', '20192225', '2023-04-17', 1, 0, 'FEMALE', 'B', 'REGULAR', '4TH'),
(356, 'JOHN KENNETH', 'REYES', 'P', 'BSCS', '20192233', '2023-04-17', 1, 0, 'MALE', 'C', 'REGULAR', '4TH'),
(357, 'CHRISTIAN KURT', 'DELA CRUZ', '-', 'BSCS', '20192245', '2023-04-17', 1, 0, 'MALE', 'A', 'IRREGULAR', '2ND'),
(358, 'CEDRYCK', 'OSIAS', 'M', 'BSIS', '20192263', '2023-04-17', 1, 0, 'MALE', 'C', 'REGULAR', '4TH'),
(359, 'KYLE LYNDON', 'SURLA', 'N', 'BSIS', '20192270', '2023-04-17', 1, 0, 'MALE', 'C', 'REGULAR', '4TH'),
(360, 'MARYROSE', 'GONZALES', 'F', 'BSCS', '20192271', '2023-04-17', 1, 0, 'FEMALE', 'C', 'REGULAR', '4TH'),
(361, 'MARY EUGENIA', 'NAVAL', 'D', 'BSCS', '20192280', '2023-04-17', 1, 0, 'FEMALE', 'C', 'REGULAR', '4TH'),
(362, 'JOSHUA', 'VILLANUEVA', 'A', 'BSCS', '20192281', '2023-04-17', 1, 0, 'MALE', 'C', 'REGULAR', '4TH'),
(363, 'CZAR MCGOKOU', 'SEBASTIAN', 'S', 'BSCS', '20192293', '2023-04-17', 1, 0, 'MALE', 'C', 'REGULAR', '4TH'),
(364, 'CHRISTIAN', 'MAYONADO', 'E', 'BSCS', '20192294', '2023-04-17', 1, 0, 'MALE', 'A', 'REGULAR', '1ST'),
(365, 'NICOLAS', 'FERNANDEZ II', 'F', 'BSIS', '20192325', '2023-04-17', 1, 0, 'MALE', 'C', 'REGULAR', '4TH'),
(366, 'CATHERINE', 'JUTBA', 'E', 'BSIS', '20192346', '2023-04-17', 1, 0, 'FEMALE', 'C', 'REGULAR', '4TH'),
(367, 'NOVIE DAME', 'MARBAS', 'E', 'BSCS', '20192371', '2023-04-17', 1, 0, 'FEMALE', 'C', 'REGULAR', '4TH'),
(368, 'MARIAFE', 'VILLANUEVA', 'R', 'BSIS', '20192400', '2023-04-17', 1, 0, 'FEMALE', 'C', 'REGULAR', '4TH'),
(369, 'REEJEE', 'DEQUIÑA', '-', 'BSEMC', '20192430', '2023-04-17', 1, 0, 'MALE', 'A', 'REGULAR', '4TH'),
(370, 'AHMAD', 'PENDI', 'E', 'BSCS', '20192440', '2023-04-17', 1, 0, 'MALE', 'C', 'REGULAR', '4TH'),
(371, 'JEROME', 'ARIOLA', '-', 'BSEMC', '20192461', '2023-04-17', 1, 0, 'MALE', 'A', 'REGULAR', '4TH'),
(372, 'PATRICK', 'MARCELLANA', 'G', 'BSIS', '20192471', '2023-04-17', 1, 0, 'MALE', 'C', 'REGULAR', '4TH'),
(373, 'ROMANO', 'FORELO JR.', 'M', 'BSIS', '20192491', '2023-04-17', 1, 0, 'MALE', 'C', 'REGULAR', '4TH'),
(374, 'JIMUEL', 'SANCHEZ', 'L', 'BSCS', '20192509', '2023-04-17', 1, 0, 'MALE', 'C', 'REGULAR', '4TH'),
(375, 'ROIZAMAE', 'AMANTE', 'T', 'BSEMC', '20192542', '2023-04-17', 1, 0, 'FEMALE', 'A', 'REGULAR', '4TH'),
(376, 'ANDREA', 'FAUSTINO', 'M', 'BSIS', '20192556', '2023-04-17', 1, 0, 'FEMALE', 'C', 'REGULAR', '4TH'),
(377, 'ALLAN JONAS', 'GENOVE', 'D', 'BSCS', '20192562', '2023-04-17', 1, 0, 'MALE', 'C', 'IRREGULAR', '4TH'),
(378, 'KIMBERLY', 'MILITANTE', 'L', 'BSCS', '20192593', '2023-04-17', 1, 0, 'MALE', 'A', 'IRREGULAR', '3RD'),
(379, 'AL-LOUIE', 'PERALTA', 'T', 'BSIS', '20193590', '2023-04-17', 1, 0, 'MALE', 'A', 'REGULAR', '4TH'),
(380, 'PATRICK', 'SALGADO', 'F', 'BSIS', '20193591', '2023-04-17', 1, 0, 'MALE', 'A', 'REGULAR', '4TH'),
(381, 'DARWIN', 'VELUNTA', 'S', 'BSIT', '20193596', '2023-04-17', 1, 0, 'MALE', 'A', 'REGULAR', '4TH'),
(382, 'GLENN', 'UGAY', 'M', 'BSCS', '20200116', '2023-04-17', 1, 0, 'MALE', 'B', 'REGULAR', '3RD'),
(383, 'PAUL ADRIEN', 'ARANGORIN', 'S', 'BSCS', '20200169', '2023-04-17', 1, 0, 'MALE', 'A', 'REGULAR', '3RD'),
(384, 'JOHN FELIX', 'BALLON', 'D', 'BSCS', '20200170', '2023-04-17', 1, 0, 'MALE', 'B', 'REGULAR', '3RD'),
(385, 'MICHAEL ANGELO', 'BENIGNO', 'R', 'BSCS', '20200171', '2023-04-17', 1, 0, 'MALE', 'B', 'REGULAR', '3RD'),
(386, 'MARY REXSALYN', 'CASUMPANG', 'A', 'BSCS', '20200174', '2023-04-17', 1, 0, 'FEMALE', 'B', 'REGULAR', '3RD'),
(387, 'CRYSTEL JOY', 'COQUIA', 'R', 'BSCS', '20200175', '2023-04-17', 1, 0, 'FEMALE', 'B', 'REGULAR', '3RD'),
(388, 'MARY ROSE', 'CRISOSTOMO', 'O', 'BSCS', '20200176', '2023-04-17', 1, 0, 'FEMALE', 'A', 'REGULAR', '3RD'),
(389, 'BERNARD', 'FELICIANO', 'B', 'BSCS', '20200179', '2023-04-17', 1, 0, 'MALE', 'B', 'REGULAR', '3RD'),
(390, 'MAUIRENE', 'FUENTES', 'R', 'BSCS', '20200180', '2023-04-17', 1, 0, 'FEMALE', 'A', 'REGULAR', '3RD'),
(391, 'JOKO', 'GADINGAN', 'B', 'BSCS', '20200181', '2023-04-17', 1, 0, 'MALE', 'A', 'REGULAR', '3RD'),
(392, 'IVAN', 'GUILLERMO', 'D', 'BSCS', '20200182', '2023-04-17', 1, 0, 'MALE', 'B', 'REGULAR', '3RD'),
(393, 'EVEHN', 'KADUSALE', 'P', 'BSCS', '20200183', '2023-04-17', 1, 0, 'MALE', 'B', 'REGULAR', '3RD'),
(394, 'JOHN LEONARD', 'LEAÑO', 'M', 'BSCS', '20200184', '2023-04-17', 1, 0, 'MALE', 'B', 'REGULAR', '3RD'),
(395, 'ADRIAN', 'MABUTI', 'B', 'BSCS', '20200185', '2023-04-17', 1, 0, 'MALE', 'B', 'REGULAR', '3RD'),
(396, 'JAY MARK', 'MARTINEZ', 'D', 'BSEMC', '20200186', '2023-04-17', 1, 0, 'MALE', 'A', 'IRREGULAR', '3RD'),
(397, 'FAYE ALLYSON', 'MONGAYA', 'V', 'BSCS', '20200187', '2023-04-17', 1, 0, 'FEMALE', 'B', 'REGULAR', '3RD'),
(398, 'MYKE EZEKIEL', 'NARVASA', 'U', 'BSCS', '20200188', '2023-04-17', 1, 0, 'MALE', 'B', 'REGULAR', '3RD'),
(399, 'ROGIE', 'NEPOMUCENO JR.', 'C', 'BSCS', '20200189', '2023-04-17', 1, 0, 'MALE', 'B', 'IRREGULAR', '3RD'),
(400, 'KENT NESTY', 'NUÑEZ', 'F', 'BSCS', '20200190', '2023-04-17', 1, 0, 'MALE', 'A', 'REGULAR', '3RD'),
(401, 'ALYZA MAE', 'PASION', 'Z', 'BSCS', '20200191', '2023-04-17', 1, 0, 'FEMALE', 'B', 'REGULAR', '3RD'),
(402, 'NIÑO KEVIN', 'QUIMBA', 'M', 'BSCS', '20200192', '2023-04-17', 1, 0, 'MALE', 'A', 'REGULAR', '3RD'),
(403, 'JUMYL', 'REYES', 'P', 'BSCS', '20200193', '2023-04-17', 1, 0, 'MALE', 'B', 'REGULAR', '3RD'),
(404, 'CHARLES', 'SEBIDOS', 'T', 'BSCS', '20200194', '2023-04-17', 1, 0, 'MALE', 'A', 'REGULAR', '3RD'),
(405, 'JOHN CARLO', 'SUYO', 'M', 'BSCS', '20200195', '2023-04-17', 1, 0, 'MALE', 'B', 'REGULAR', '3RD'),
(406, 'VINCE EDWARD', 'SY', 'M', 'BSCS', '20200196', '2023-04-17', 1, 0, 'MALE', 'A', 'REGULAR', '3RD'),
(407, 'STEVEN DANIEL', 'BOLOY', 'C', 'BSCS', '20200197', '2023-04-17', 1, 0, 'MALE', 'A', 'REGULAR', '3RD'),
(408, 'EVENEZER FRANCIS', 'BASAN', 'O', 'BSCS', '20200198', '2023-04-17', 1, 0, 'MALE', 'A', 'REGULAR', '3RD'),
(409, 'OSCAR', 'CHIN III', 'A', 'BSCS', '20200199', '2023-04-17', 1, 0, 'MALE', 'B', 'REGULAR', '3RD'),
(410, 'NICOLE', 'DEL CARMEN', 'E', 'BSCS', '20200200', '2023-04-17', 1, 0, 'FEMALE', 'A', 'REGULAR', '3RD'),
(411, 'JOSHUA LAURENCE', 'FABILLON', 'T', 'BSCS', '20200201', '2023-04-17', 1, 0, 'MALE', 'A', 'REGULAR', '3RD'),
(412, 'LYKA MAE', 'FORTUNA', 'C', 'BSCS', '20200202', '2023-04-17', 1, 0, 'FEMALE', 'A', 'REGULAR', '3RD'),
(413, 'ALRYAN', 'LICUP', 'A', 'BSCS', '20200203', '2023-04-17', 1, 0, 'MALE', 'A', 'REGULAR', '3RD'),
(414, 'CASSANDRA MAUREEN', 'NAVARRA', 'F', 'BSCS', '20200204', '2023-04-17', 1, 0, 'FEMALE', 'B', 'REGULAR', '3RD'),
(415, 'LOUISE ANGELO', 'OCOPIO', 'O', 'BSCS', '20200205', '2023-04-17', 1, 0, 'MALE', 'A', 'REGULAR', '3RD'),
(416, 'JOHN CARL', 'AGUIBAY', 'R', 'BSIT', '20200207', '2023-04-17', 1, 0, 'MALE', 'A', 'REGULAR', '3RD'),
(417, 'ALLEAH', 'AGUILAR', 'D', 'BSIT', '20200208', '2023-04-17', 1, 0, 'FEMALE', 'A', 'REGULAR', '3RD'),
(418, 'GERALD', 'ANCHETA', 'V', 'BSIT', '20200209', '2023-04-17', 1, 0, 'MALE', 'A', 'REGULAR', '3RD'),
(419, 'RIA', 'AUDENCIAL', 'A', 'BSIT', '20200210', '2023-04-17', 1, 0, 'FEMALE', 'B', 'REGULAR', '3RD'),
(420, 'JEROME', 'BUGAO', '-', 'BSIT', '20200211', '2023-04-17', 1, 0, 'MALE', 'B', 'REGULAR', '3RD'),
(421, 'LUI RITSHANE', 'BUTAY', 'R', 'BSIT', '20200212', '2023-04-17', 1, 0, 'MALE', 'B', 'REGULAR', '3RD'),
(422, 'JAY ANN', 'CABAEL', '-', 'BSIT', '20200213', '2023-04-17', 1, 0, 'FEMALE', 'A', 'REGULAR', '3RD'),
(423, 'MARI LOUISE', 'CONSUEGRA', 'R', 'BSIT', '20200216', '2023-04-17', 1, 0, 'FEMALE', 'B', 'REGULAR', '3RD'),
(424, 'ANTON VIRGIL', 'DAJALOS', 'A', 'BSIT', '20200217', '2023-04-17', 1, 0, 'MALE', 'A', 'REGULAR', '3RD'),
(425, 'YASMINE GAIL', 'DOCTOR', 'C', 'BSIT', '20200218', '2023-04-17', 1, 0, 'FEMALE', 'B', 'REGULAR', '3RD'),
(426, 'MHEL CHRISTINE', 'DUEÑAS', 'R', 'BSIT', '20200219', '2023-04-17', 1, 0, 'FEMALE', 'A', 'REGULAR', '3RD'),
(427, 'YRA SHANE', 'FONTANILLA', '-', 'BSIT', '20200221', '2023-04-17', 1, 0, 'MALE', 'B', 'REGULAR', '3RD'),
(428, 'MARY ROSE', 'GARBOSA', 'L', 'BSIT', '20200222', '2023-04-17', 1, 0, 'FEMALE', 'A', 'REGULAR', '3RD'),
(429, 'DANIELA', 'GATCHALIAN', 'J', 'BSIT', '20200223', '2023-04-17', 1, 0, 'FEMALE', 'A', 'REGULAR', '3RD'),
(430, 'CARL BRYAN', 'GOMEZ', 'G', 'BSIT', '20200224', '2023-04-17', 1, 0, 'MALE', 'A', 'REGULAR', '3RD'),
(431, 'JUSTINE FAITH', 'LIGUTAN', 'B', 'BSIT', '20200225', '2023-04-17', 1, 0, 'FEMALE', 'A', 'REGULAR', '3RD'),
(432, 'ART', 'LIQUE', 'D', 'BSIT', '20200226', '2023-04-17', 1, 0, 'MALE', 'A', 'REGULAR', '3RD'),
(433, 'ALEXANDER', 'LOSAYNON', 'B', 'BSIT', '20200227', '2023-04-17', 1, 0, 'MALE', 'B', 'REGULAR', '3RD'),
(434, 'LEREE GREYZ', 'LAUZON', 'O', 'BSIT', '20200228', '2023-04-17', 1, 0, 'FEMALE', 'B', 'REGULAR', '3RD'),
(435, 'CELDRICK NHELD', 'MADLA', 'S', 'BSIT', '20200229', '2023-04-17', 1, 0, 'MALE', 'A', 'REGULAR', '3RD'),
(436, 'MARK RYAN', 'MANLUCOT', 'M', 'BSIT', '20200230', '2023-04-17', 1, 0, 'MALE', 'B', 'REGULAR', '3RD'),
(437, 'ERVIN JEFFERSON', 'MARIANO', 'M', 'BSIT', '20200231', '2023-04-17', 1, 0, 'MALE', 'B', 'REGULAR', '3RD'),
(438, 'JOSHUA', 'MATIAS', 'G', 'BSIT', '20200233', '2023-04-17', 1, 0, 'MALE', 'B', 'REGULAR', '3RD'),
(439, 'MARK HILL', 'MIRASOL', 'U', 'BSIT', '20200234', '2023-04-17', 1, 0, 'MALE', 'A', 'REGULAR', '3RD'),
(440, 'BIANCA MAY', 'ARRIOLA', 'N', 'BSIT', '20200235', '2023-04-17', 1, 0, 'FEMALE', 'B', 'REGULAR', '3RD'),
(441, 'JENNY ROSE', 'OCSEBIO', 'C', 'BSIT', '20200236', '2023-04-17', 1, 0, 'FEMALE', 'B', 'REGULAR', '3RD'),
(442, 'CHRISTIAN PHILIP', 'ORARIO', 'R', 'BSIT', '20200237', '2023-04-17', 1, 0, 'MALE', 'B', 'REGULAR', '3RD'),
(443, 'ARLAN JAY', 'PALOMADO', 'C', 'BSIT', '20200238', '2023-04-17', 1, 0, 'MALE', 'B', 'REGULAR', '3RD'),
(444, 'JOHN STEPHEN', 'PERDIGON', 'A', 'BSIT', '20200239', '2023-04-17', 1, 0, 'MALE', 'B', 'REGULAR', '3RD'),
(445, 'ARNEL HANZ ISAAC', 'RAQUION', 'O', 'BSIT', '20200240', '2023-04-17', 1, 0, 'MALE', 'B', 'REGULAR', '3RD'),
(446, 'ROBIN', 'REYES', 'A', 'BSIT', '20200241', '2023-04-17', 1, 0, 'MALE', 'A', 'REGULAR', '3RD'),
(447, 'RUSSEL DANIEL', 'SAMULDE', 'O', 'BSIT', '20200242', '2023-04-17', 1, 0, 'MALE', 'B', 'REGULAR', '3RD'),
(448, 'DESIREE JOY', 'SERRANO', 'G', 'BSIT', '20200243', '2023-04-17', 1, 0, 'FEMALE', 'A', 'REGULAR', '3RD'),
(449, 'KEVIN', 'SERRANO', 'V', 'BSIT', '20200244', '2023-04-17', 1, 0, 'MALE', 'A', 'REGULAR', '3RD'),
(450, 'JOY', 'SIEDEL', '-', 'BSIT', '20200245', '2023-04-17', 1, 0, 'FEMALE', 'A', 'REGULAR', '3RD'),
(451, 'JOHN CEDRIC', 'SY', 'D', 'BSIT', '20200246', '2023-04-17', 1, 0, 'MALE', 'B', 'REGULAR', '3RD'),
(452, 'JEFFERSON', 'TILAN', 'T', 'BSIT', '20200247', '2023-04-17', 1, 0, 'MALE', 'A', 'REGULAR', '3RD'),
(453, 'JHUSTINE', 'VARGAS', 'D', 'BSIT', '20200248', '2023-04-17', 1, 0, 'MALE', 'B', 'REGULAR', '3RD'),
(454, 'JOMARYL ANGELO', 'VIOLA', 'L', 'BSIT', '20200249', '2023-04-17', 1, 0, 'MALE', 'A', 'REGULAR', '3RD'),
(455, 'JOHN PATRICK', 'YANSON', 'E', 'BSIT', '20200250', '2023-04-17', 1, 0, 'MALE', 'A', 'REGULAR', '3RD'),
(456, 'SHEAN MIFEL AMERO', 'AQUISAY', 'T', 'BSEMC', '20200252', '2023-04-17', 1, 0, 'MALE', 'A', 'REGULAR', '3RD'),
(457, 'RENZ', 'BOLIVAR', 'T', 'BSEMC', '20200253', '2023-04-17', 1, 0, 'MALE', 'A', 'REGULAR', '3RD'),
(458, 'EDWARDO', 'DIAZ', 'L', 'BSEMC', '20200255', '2023-04-17', 1, 0, 'MALE', 'A', 'REGULAR', '3RD'),
(459, 'JOHN MARK', 'DUHIG', 'L', 'BSEMC', '20200256', '2023-04-17', 1, 0, 'MALE', 'A', 'REGULAR', '3RD'),
(460, 'ERMAR', 'DUMALI', 'E', 'BSEMC', '20200257', '2023-04-17', 1, 0, 'MALE', 'A', 'REGULAR', '3RD'),
(461, 'ASHA ALESSANDRA', 'FALCON', 'V', 'BSEMC', '20200258', '2023-04-17', 1, 0, 'FEMALE', 'A', 'REGULAR', '3RD'),
(462, 'JHONNA LYN', 'GARCIA', 'T', 'BSEMC', '20200259', '2023-04-17', 1, 0, 'FEMALE', 'A', 'REGULAR', '3RD'),
(463, 'JANNA', 'JIMENEZ', 'C', 'BSEMC', '20200261', '2023-04-17', 1, 0, 'FEMALE', 'A', 'IRREGULAR', '3RD'),
(464, 'ERWIN', 'LOGMAO', 'A', 'BSEMC', '20200262', '2023-04-17', 1, 0, 'MALE', 'A', 'REGULAR', '3RD'),
(465, 'JEREMIAH', 'MAIZTEGUI', 'A', 'BSEMC', '20200263', '2023-04-17', 1, 0, 'MALE', 'A', 'REGULAR', '3RD'),
(466, 'VLADIMER', 'MANATAD', '-', 'BSEMC', '20200264', '2023-04-17', 1, 0, 'MALE', 'A', 'REGULAR', '3RD'),
(467, 'HAROLD', 'NOROÑA', 'E', 'BSEMC', '20200266', '2023-04-17', 1, 0, 'MALE', 'A', 'IRREGULAR', '3RD'),
(468, 'BLESSA ANGELA', 'OREN', 'D', 'BSEMC', '20200267', '2023-04-17', 1, 0, 'FEMALE', 'A', 'REGULAR', '3RD'),
(469, 'JOHN CHRISTIAN', 'ROSE', 'V', 'BSEMC', '20200268', '2023-04-17', 1, 0, 'MALE', 'A', 'REGULAR', '3RD'),
(470, 'HURLEY', 'SALAS', 'C', 'BSEMC', '20200269', '2023-04-17', 1, 0, 'MALE', 'A', 'REGULAR', '3RD'),
(471, 'JOHN PAUL', 'SANCHEZ', 'I', 'BSEMC', '20200271', '2023-04-17', 1, 0, 'MALE', 'A', 'REGULAR', '3RD'),
(472, 'RUSSELLE', 'SUPNET', 'A', 'BSEMC', '20200272', '2023-04-17', 1, 0, 'MALE', 'A', 'REGULAR', '3RD');
INSERT INTO `students` (`user_id`, `first_name`, `last_name`, `middle_initial`, `course`, `student_no`, `admitted_at`, `bool`, `fingerprintID`, `Sex`, `Section`, `Status`, `Year`) VALUES
(473, 'GINOEL MC CLEIN', 'TINDOY', 'B', 'BSEMC', '20200273', '2023-04-17', 1, 0, 'MALE', 'A', 'IRREGULAR', '3RD'),
(474, 'ADRIANNE', 'TUBOG', 'O', 'BSEMC', '20200274', '2023-04-17', 1, 0, 'MALE', 'A', 'REGULAR', '3RD'),
(475, 'JHERWIN', 'TUGAWIN', 'V', 'BSEMC', '20200275', '2023-04-17', 1, 0, 'MALE', 'A', 'REGULAR', '3RD'),
(476, 'AARON JAMES', 'VERGEL DE DIOS', 'T', 'BSEMC', '20200277', '2023-04-17', 1, 0, 'MALE', 'A', 'REGULAR', '3RD'),
(477, 'HANNAH', 'ADANTE', 'C', 'BSIS', '20200279', '2023-04-17', 1, 0, 'FEMALE', 'A', 'REGULAR', '3RD'),
(478, 'SHEILA', 'ALMINE', 'L', 'BSIS', '20200280', '2023-04-17', 1, 0, 'FEMALE', 'A', 'REGULAR', '3RD'),
(479, 'JESSICA', 'ALONZO', 'P', 'BSIS', '20200281', '2023-04-17', 1, 0, 'FEMALE', 'A', 'IRREGULAR', '3RD'),
(480, 'ANDREI KEVIN', 'CASOCO', 'D', 'BSIS', '20200282', '2023-04-17', 1, 0, 'MALE', 'A', 'REGULAR', '3RD'),
(481, 'JOHN MAYNARD', 'CO', 'R', 'BSIS', '20200283', '2023-04-17', 1, 0, 'MALE', 'A', 'REGULAR', '3RD'),
(482, 'ROSAL', 'DADO', 'E', 'BSIS', '20200284', '2023-04-17', 1, 0, 'FEMALE', 'A', 'REGULAR', '3RD'),
(483, 'DIVINE GRACE', 'DESCATIAR', 'R', 'BSIS', '20200285', '2023-04-17', 1, 0, 'FEMALE', 'A', 'REGULAR', '3RD'),
(484, 'NOEL', 'DEVILLA', 'A', 'BSIS', '20200286', '2023-04-17', 1, 0, 'MALE', 'A', 'REGULAR', '3RD'),
(485, 'KARL LEWIS', 'DOCTOLERO', 'T', 'BSIS', '20200287', '2023-04-17', 1, 0, 'MALE', 'A', 'REGULAR', '3RD'),
(486, 'MA. JOANA MAE', 'FABRO', 'P', 'BSIS', '20200288', '2023-04-17', 1, 0, 'FEMALE', 'A', 'REGULAR', '3RD'),
(487, 'DOMINIC', 'GANABO', 'C', 'BSIS', '20200289', '2023-04-17', 1, 0, 'MALE', 'A', 'REGULAR', '3RD'),
(488, 'LEIRA', 'GREGORY', 'B', 'BSIS', '20200290', '2023-04-17', 1, 0, 'FEMALE', 'A', 'REGULAR', '3RD'),
(489, 'APRIL KEN', 'GUADAMOR', 'A', 'BSIS', '20200291', '2023-04-17', 1, 0, 'FEMALE', 'A', 'REGULAR', '3RD'),
(490, 'AUBREY', 'GUBALA', 'D', 'BSIS', '20200292', '2023-04-17', 1, 0, 'FEMALE', 'A', 'REGULAR', '3RD'),
(491, 'SHEKINAH', 'JACOB', 'E', 'BSIS', '20200293', '2023-04-17', 1, 0, 'FEMALE', 'A', 'REGULAR', '3RD'),
(492, 'BERNIE', 'LARGO', 'A', 'BSIS', '20200294', '2023-04-17', 1, 0, 'MALE', 'A', 'REGULAR', '3RD'),
(493, 'JESSICA', 'MARTINEZ', 'C', 'BSIS', '20200295', '2023-04-17', 1, 0, 'FEMALE', 'A', 'REGULAR', '3RD'),
(494, 'EMMANUEL', 'MOJARES', 'R', 'BSIS', '20200296', '2023-04-17', 1, 0, 'MALE', 'A', 'REGULAR', '3RD'),
(495, 'ANGEL DYAN', 'MOLATE', 'D', 'BSIS', '20200297', '2023-04-17', 1, 0, 'FEMALE', 'A', 'REGULAR', '3RD'),
(496, 'KURT AXEL', 'NANALIS', 'D', 'BSIS', '20200298', '2023-04-17', 1, 0, 'MALE', 'A', 'REGULAR', '3RD'),
(497, 'SOPHIA MARIE', 'NECESITO', 'S', 'BSIS', '20200299', '2023-04-17', 1, 0, 'FEMALE', 'A', 'REGULAR', '3RD'),
(498, 'CEDRICK JORDAN', 'NEPOMUCENO', 'V', 'BSIS', '20200300', '2023-04-17', 1, 0, 'MALE', 'A', 'REGULAR', '3RD'),
(499, 'JASMIN', 'NERJA', 'T', 'BSIS', '20200301', '2023-04-17', 1, 0, 'FEMALE', 'A', 'REGULAR', '3RD'),
(500, 'MA. CHRISTINA', 'OPANDA', 'J', 'BSIS', '20200302', '2023-04-17', 1, 0, 'FEMALE', 'A', 'REGULAR', '3RD'),
(501, 'MA. LEAH', 'OQUINDO', 'R', 'BSIS', '20200303', '2023-04-17', 1, 0, 'FEMALE', 'A', 'REGULAR', '3RD'),
(502, 'EDDIELYN', 'PATOTOY', 'A', 'BSIS', '20200304', '2023-04-17', 1, 0, 'MALE', 'A', 'REGULAR', '3RD'),
(503, 'HAZEL ANN', 'RABI', 'P', 'BSIS', '20200305', '2023-04-17', 1, 0, 'FEMALE', 'A', 'REGULAR', '3RD'),
(504, 'NIMWHEL', 'SALONGA', 'C', 'BSIS', '20200307', '2023-04-17', 1, 0, 'MALE', 'A', 'IRREGULAR', '3RD'),
(505, 'PATRICIA LYNN', 'TORRES', 'C', 'BSIS', '20200308', '2023-04-17', 1, 0, 'FEMALE', 'A', 'REGULAR', '3RD'),
(506, 'JOMARI', 'PRESILDA', 'B', 'BSEMC', '20200369', '2023-04-17', 1, 0, 'MALE', 'A', 'IRREGULAR', '3RD'),
(507, 'SYBER BLAISE', 'TOLLEDO', 'J', 'BSCS', '20200688', '2023-04-17', 1, 0, 'MALE', 'A', 'REGULAR', '3RD'),
(508, 'SYRIL BENEDICT', 'TOLLEDO', 'J', 'BSCS', '20200689', '2023-04-17', 1, 0, 'MALE', 'B', 'IRREGULAR', '3RD'),
(509, 'JOHNPAUL', 'RESURRECCION', 'J', 'BSCS', '20200690', '2023-04-17', 1, 0, 'MALE', 'B', 'REGULAR', '3RD'),
(510, 'PRINCESS ANN', 'ROTIA', '-', 'BSCS', '20200765', '2023-04-17', 1, 0, 'FEMALE', 'B', 'REGULAR', '3RD'),
(511, 'VHIDEL ANNE', 'CONTALBA', 'P', 'BSIT', '20200849', '2023-04-17', 1, 0, 'FEMALE', 'A', 'IRREGULAR', '3RD'),
(512, 'JAMES VIENCENT', 'CABREROS', 'M', 'BSCS', '20200915', '2023-04-17', 1, 0, 'MALE', 'A', 'IRREGULAR', '3RD'),
(513, 'LUCKY MOCHINNO', 'DANCEL', 'P', 'BSCS', '20201108', '2023-04-17', 1, 0, 'MALE', 'A', 'IRREGULAR', '3RD'),
(514, 'KENMARC IAN', 'PIÑERO', 'D', 'BSIT', '20201192', '2023-04-17', 1, 0, 'MALE', 'A', 'REGULAR', '3RD'),
(515, 'AARON KOBE', 'BRAZIL', 'V', 'BSIT', '20201230', '2023-04-17', 1, 0, 'MALE', 'A', 'REGULAR', '3RD'),
(516, 'BRUCE ADRIAN', 'SAMONTE', 'C', 'BSCS', '20201533', '2023-04-17', 1, 0, 'MALE', 'B', 'REGULAR', '3RD'),
(517, 'AMYLYN', 'CINCO', 'L', 'BSIS', '20201536', '2023-04-17', 1, 0, 'FEMALE', 'A', 'REGULAR', '3RD'),
(518, 'JUSTINE', 'CORONA', 'M', 'BSIS', '20201541', '2023-04-17', 1, 0, 'MALE', 'A', 'REGULAR', '3RD'),
(519, 'ASTRO ANGELO', 'HIPOLITO', 'M', 'BSIS', '20201544', '2023-04-17', 1, 0, 'MALE', 'A', 'REGULAR', '3RD'),
(520, 'ANDREI', 'INDUCTIVO', 'R', 'BSIS', '20201546', '2023-04-17', 1, 0, 'MALE', 'A', 'REGULAR', '3RD'),
(521, 'APRIL JO CAMILLE', 'PATIAG', 'P', 'BSIS', '20201554', '2023-04-17', 1, 0, 'FEMALE', 'A', 'REGULAR', '3RD'),
(522, 'KIMBERLY', 'UDTUHAN', 'B', 'BSIS', '20201561', '2023-04-17', 1, 0, 'FEMALE', 'A', 'REGULAR', '3RD'),
(523, 'MICAELA PAULA', 'VILLAMOR', 'D', 'BSIS', '20201562', '2023-04-17', 1, 0, 'FEMALE', 'A', 'IRREGULAR', '3RD'),
(524, 'MICK JAMES', 'MALABANAN', 'C', 'BSIT', '20201575', '2023-04-17', 1, 0, 'MALE', 'A', 'REGULAR', '3RD'),
(525, 'LERRY', 'LURIZ', 'O', 'BSCS', '20201618', '2023-04-17', 1, 0, 'FEMALE', 'A', 'REGULAR', '3RD'),
(526, 'RAFAEL IVAN', 'MARQUESES', 'S', 'BSCS', '20201619', '2023-04-17', 1, 0, 'MALE', 'B', 'REGULAR', '3RD'),
(527, 'CARL POCHOLO', 'AVILA', 'L', 'BSIS', '20201636', '2023-04-17', 1, 0, 'MALE', 'A', 'REGULAR', '3RD'),
(528, 'ANGELO GABRIEL', 'BLANCO', 'P', 'BSEMC', '20201663', '2023-04-17', 1, 0, 'MALE', 'A', 'REGULAR', '3RD'),
(529, 'RUSSEL', 'VILLACASTIN', 'S', 'BSIT', '20201670', '2023-04-17', 1, 0, 'MALE', 'B', 'REGULAR', '3RD'),
(530, 'ANDREA ROSE', 'ALEJO', '-', 'BSIT', '20201671', '2023-04-17', 1, 0, 'FEMALE', 'B', 'REGULAR', '3RD'),
(531, 'KYLENE BEA', 'ABALOS', 'T', 'BSIT', '20201713', '2023-04-17', 1, 0, 'FEMALE', 'A', 'REGULAR', '3RD'),
(532, 'NICOLE ASHLLY', 'VILLAMIN', 'T', 'BSIT', '20201760', '2023-04-17', 1, 0, 'FEMALE', 'B', 'REGULAR', '3RD'),
(533, 'JAY-AR', 'GRIFALDEA', 'D', 'BSIS', '20201761', '2023-04-17', 1, 0, 'MALE', 'A', 'REGULAR', '3RD'),
(534, 'JENS', 'REYES', 'E', 'BSIT', '20201822', '2023-04-17', 1, 0, 'MALE', 'A', 'REGULAR', '3RD'),
(535, 'SAMIRAH', 'MAHDI', 'S', 'BSEMC', '20201823', '2023-04-17', 1, 0, 'FEMALE', 'A', 'REGULAR', '3RD'),
(536, 'PRINCESS GERIE-MAE', 'NOQUERA', 'A', 'BSCS', '20201826', '2023-04-17', 1, 0, 'FEMALE', 'A', 'IRREGULAR', '1ST'),
(537, 'ISIDORE', 'ADRIANO', 'B', 'BSIT', '20201827', '2023-04-17', 1, 0, 'MALE', 'A', 'IRREGULAR', '3RD'),
(538, 'LANDER', 'ALVAREZ', 'D', 'BSIS', '20201828', '2023-04-17', 1, 0, 'MALE', 'A', 'IRREGULAR', '3RD'),
(539, 'HENRY', 'EUGENIO', 'D', 'BSIT', '20201837', '2023-04-17', 1, 0, 'MALE', 'B', 'IRREGULAR', '3RD'),
(540, 'JOHN AARON', 'OABEL', 'A', 'BSIT', '20201843', '2023-04-17', 1, 0, 'MALE', 'A', 'IRREGULAR', '3RD'),
(541, 'TIMOTHY JADE', 'PALISOC', 'S', 'BSIT', '20201844', '2023-04-17', 1, 0, 'MALE', 'B', 'IRREGULAR', '3RD'),
(542, 'RUBEN', 'PIENCENAVES', 'R', 'BSIT', '20201847', '2023-04-17', 1, 0, 'MALE', 'B', 'IRREGULAR', '3RD'),
(543, 'JOHN RONAN', 'RAMOS', 'C', 'BSCS', '20201849', '2023-04-17', 1, 0, 'MALE', 'A', 'IRREGULAR', '3RD'),
(544, 'JUSTIN YUJI', 'VARGAS', 'D', 'BSIT', '20201855', '2023-04-17', 1, 0, 'MALE', 'B', 'IRREGULAR', '3RD'),
(545, 'CHRISTOPER', 'BULAWAN', 'M', 'BSCS', '20201859', '2023-04-17', 1, 0, 'MALE', 'A', 'IRREGULAR', '3RD'),
(546, 'SHAWN MICHAEL', 'DE JESUS', 'S', 'BSCS', '20201860', '2023-04-17', 1, 0, 'MALE', 'A', 'IRREGULAR', '3RD'),
(547, 'MICHAEL JOHN', 'PAJERGA', 'C', 'BSCS', '20201879', '2023-04-17', 1, 0, 'MALE', 'A', 'IRREGULAR', '3RD'),
(548, 'JIMMUEL', 'AGNO', 'G', 'BSEMC', '20210406', '2023-04-17', 1, 0, 'MALE', 'A', 'REGULAR', '2ND'),
(549, 'LHARRA LEE', 'BANIQUED', '-', 'BSEMC', '20210407', '2023-04-17', 1, 0, 'FEMALE', 'A', 'REGULAR', '2ND'),
(550, 'MARRON', 'BENOSA', '-', 'BSEMC', '20210409', '2023-04-17', 1, 0, 'MALE', 'A', 'REGULAR', '2ND'),
(551, 'ARON PATRICK', 'BERTO', 'J', 'BSEMC', '20210410', '2023-04-17', 1, 0, 'MALE', 'A', 'REGULAR', '2ND'),
(552, 'ARABELLA JANE', 'BINARAO', 'L', 'BSEMC', '20210411', '2023-04-17', 1, 0, 'FEMALE', 'A', 'REGULAR', '2ND'),
(553, 'CHARLIE MAGNE', 'CAMPO', 'M', 'BSEMC', '20210412', '2023-04-17', 1, 0, 'MALE', 'A', 'REGULAR', '2ND'),
(554, 'NELSON', 'CATOCTOCANAN JR.,', 'B', 'BSEMC', '20210413', '2023-04-17', 1, 0, 'MALE', 'A', 'REGULAR', '2ND'),
(555, 'JOSE MIGUEL', 'CID', 'S', 'BSEMC', '20210414', '2023-04-17', 1, 0, 'MALE', 'A', 'REGULAR', '2ND'),
(556, 'JOHN DAVID', 'CONSTANTINO', 'B', 'BSEMC', '20210415', '2023-04-17', 1, 0, 'MALE', 'A', 'REGULAR', '2ND'),
(557, 'ALLEN IRIS', 'FEDEREZ', 'L', 'BSEMC', '20210417', '2023-04-17', 1, 0, 'MALE', 'A', 'REGULAR', '2ND'),
(558, 'JOSHUA', 'GACA', 'A', 'BSEMC', '20210418', '2023-04-17', 1, 0, 'MALE', 'A', 'REGULAR', '2ND'),
(559, 'DIANNE SAYRE', 'GERONA', '-', 'BSEMC', '20210419', '2023-04-17', 1, 0, 'FEMALE', 'A', 'REGULAR', '2ND'),
(560, 'KEVIN CHRISTIAN', 'LOFRANCO', 'A', 'BSEMC', '20210420', '2023-04-17', 1, 0, 'MALE', 'A', 'REGULAR', '2ND'),
(561, 'GINALYN', 'MARCHA', 'B', 'BSEMC', '20210422', '2023-04-17', 1, 0, 'FEMALE', 'A', 'REGULAR', '2ND'),
(562, 'TRISHA ANNE', 'PACLIBAR', 'D', 'BSEMC', '20210423', '2023-04-17', 1, 0, 'FEMALE', 'A', 'REGULAR', '2ND'),
(563, 'KARL MATTHEW', 'PRESILLAS', 'A', 'BSEMC', '20210424', '2023-04-17', 1, 0, 'MALE', 'A', 'REGULAR', '2ND'),
(564, 'DAPHNIE JEAN', 'QUINTANA', 'L', 'BSEMC', '20210425', '2023-04-17', 1, 0, 'FEMALE', 'A', 'REGULAR', '2ND'),
(565, 'EDWIN', 'SAN BUENAVENTURA III,', 'J', 'BSEMC', '20210426', '2023-04-17', 1, 0, 'MALE', 'A', 'REGULAR', '2ND'),
(566, 'MARIELL', 'TABANAO', 'Q', 'BSEMC', '20210427', '2023-04-17', 1, 0, 'FEMALE', 'A', 'REGULAR', '2ND'),
(567, 'MARK ANGELO', 'TADEO', 'A', 'BSEMC', '20210428', '2023-04-17', 1, 0, 'MALE', 'A', 'REGULAR', '2ND'),
(568, 'EUREY', 'TALISIC', 'B', 'BSEMC', '20210429', '2023-04-17', 1, 0, 'MALE', 'A', 'REGULAR', '2ND'),
(569, 'LAURENZ JOAQUIN', 'TORRES', 'D', 'BSEMC', '20210430', '2023-04-17', 1, 0, 'MALE', 'A', 'REGULAR', '2ND'),
(570, 'EDMON', 'AGENTO', 'M', 'BSEMC', '20210432', '2023-04-17', 1, 0, 'MALE', 'B', 'REGULAR', '2ND'),
(571, 'ALLEN', 'BACALAOLOYO', 'R', 'BSEMC', '20210433', '2023-04-17', 1, 0, 'MALE', 'B', 'REGULAR', '2ND'),
(572, 'HAMLET', 'BADUA', 'T', 'BSEMC', '20210434', '2023-04-17', 1, 0, 'MALE', 'B', 'REGULAR', '2ND'),
(573, 'JUSTINE', 'BARBOSA', 'G', 'BSEMC', '20210435', '2023-04-17', 1, 0, 'MALE', 'B', 'REGULAR', '2ND'),
(574, 'ANZARIEL REY', 'BAUTISTA', '-', 'BSEMC', '20210437', '2023-04-17', 1, 0, 'MALE', 'B', 'REGULAR', '2ND'),
(575, 'JUSTINE', 'BRACERO', 'B', 'BSEMC', '20210438', '2023-04-17', 1, 0, 'MALE', 'B', 'REGULAR', '2ND'),
(576, 'MARK JOHN', 'CABALONGA', 'R', 'BSEMC', '20210439', '2023-04-17', 1, 0, 'MALE', 'B', 'REGULAR', '2ND'),
(577, 'IRENE', 'DIANO', 'R', 'BSEMC', '20210440', '2023-04-17', 1, 0, 'FEMALE', 'B', 'REGULAR', '2ND'),
(578, 'SOCRATES', 'FLORES', '-', 'BSEMC', '20210441', '2023-04-17', 1, 0, 'FEMALE', 'B', 'REGULAR', '2ND'),
(579, 'PIOLO', 'GALINDO', 'J', 'BSEMC', '20210442', '2023-04-17', 1, 0, 'MALE', 'B', 'REGULAR', '2ND'),
(580, 'BEN GABRIEL', 'HAWID', 'S', 'BSEMC', '20210444', '2023-04-17', 1, 0, 'MALE', 'B', 'REGULAR', '2ND'),
(581, 'CRAIG LUKE', 'JIMENO', 'S', 'BSEMC', '20210445', '2023-04-17', 1, 0, 'MALE', 'B', 'REGULAR', '2ND'),
(582, 'ANGELO', 'LAZO', 'C', 'BSEMC', '20210446', '2023-04-17', 1, 0, 'MALE', 'B', 'REGULAR', '2ND'),
(583, 'BLADIMER', 'LOZANO', 'P', 'BSEMC', '20210447', '2023-04-17', 1, 0, 'MALE', 'B', 'REGULAR', '2ND'),
(584, 'KHENSHIN', 'MAGAS', 'R', 'BSEMC', '20210448', '2023-04-17', 1, 0, 'MALE', 'B', 'REGULAR', '2ND'),
(585, 'CURT ARWYN', 'MAGBANUA', 'P', 'BSEMC', '20210449', '2023-04-17', 1, 0, 'MALE', 'B', 'REGULAR', '2ND'),
(586, 'JAMES KEVIN', 'MARANAN', 'F', 'BSEMC', '20210450', '2023-04-17', 1, 0, 'MALE', 'B', 'REGULAR', '2ND'),
(587, 'TIMOTHEO', 'MARZOL', 'D', 'BSEMC', '20210451', '2023-04-17', 1, 0, 'MALE', 'B', 'REGULAR', '2ND'),
(588, 'JEANICA MAE', 'MIRANDE', 'G', 'BSEMC', '20210452', '2023-04-17', 1, 0, 'FEMALE', 'B', 'REGULAR', '2ND'),
(589, 'SHANE AIMEE MARIE', 'REYES', 'G', 'BSEMC', '20210453', '2023-04-17', 1, 0, 'FEMALE', 'B', 'REGULAR', '2ND'),
(590, 'SAM JAHARA', 'ROMERO', 'E', 'BSEMC', '20210454', '2023-04-17', 1, 0, 'FEMALE', 'B', 'REGULAR', '2ND'),
(591, 'ERNILE JOHN', 'AGPALASIN', 'L', 'BSIT', '20210456', '2023-04-17', 1, 0, 'MALE', 'A', 'REGULAR', '2ND'),
(592, 'NIÑA', 'BASACA', 'P', 'BSIT', '20210457', '2023-04-17', 1, 0, 'FEMALE', 'A', 'REGULAR', '2ND'),
(593, 'JASMINE JOY', 'BATOON', 'P', 'BSIT', '20210458', '2023-04-17', 1, 0, 'FEMALE', 'A', 'REGULAR', '2ND'),
(594, 'LORD NANDO', 'CAINDOC', 'G', 'BSIT', '20210460', '2023-04-17', 1, 0, 'MALE', 'A', 'REGULAR', '2ND'),
(595, 'YSABELLE NICOLE', 'DE LEON', 'C', 'BSIT', '20210462', '2023-04-17', 1, 0, 'FEMALE', 'A', 'REGULAR', '2ND'),
(596, 'JEREMIAH', 'DE VERA', 'C', 'BSIT', '20210463', '2023-04-17', 1, 0, 'MALE', 'A', 'REGULAR', '2ND'),
(597, 'HANS', 'DEL ROSARIO', 'B', 'BSIT', '20210464', '2023-04-17', 1, 0, 'MALE', 'A', 'REGULAR', '2ND'),
(598, 'GLEIBEILE', 'DELA CRUZ', 'L', 'BSIT', '20210465', '2023-04-17', 1, 0, 'FEMALE', 'A', 'REGULAR', '2ND'),
(599, 'JOSHUA DAIZHEN', 'DELOS SANTOS', 'S', 'BSIT', '20210466', '2023-04-17', 1, 0, 'MALE', 'A', 'REGULAR', '2ND'),
(600, 'MA. AIRA', 'DELOS SANTOS', 'B', 'BSIT', '20210467', '2023-04-17', 1, 0, 'FEMALE', 'A', 'REGULAR', '2ND'),
(601, 'ALVIN', 'DOLAMOS', 'A', 'BSIT', '20210468', '2023-04-17', 1, 0, 'MALE', 'A', 'REGULAR', '2ND'),
(602, 'JEDRIAN', 'ESPONILLA', 'M', 'BSIT', '20210469', '2023-04-17', 1, 0, 'MALE', 'A', 'REGULAR', '2ND'),
(603, 'KYLE', 'GABILAGON', 'I', 'BSIT', '20210470', '2023-04-17', 1, 0, 'MALE', 'A', 'REGULAR', '2ND'),
(604, 'IAN ANTHONY', 'JUSAY', 'C', 'BSIT', '20210471', '2023-04-17', 1, 0, 'MALE', 'A', 'REGULAR', '2ND'),
(605, 'ANGELICA', 'MAYO', 'A', 'BSIT', '20210472', '2023-04-17', 1, 0, 'FEMALE', 'A', 'REGULAR', '2ND'),
(606, 'ERLINDA', 'MEDINA', 'M', 'BSIT', '20210473', '2023-04-17', 1, 0, 'FEMALE', 'A', 'REGULAR', '2ND'),
(607, 'JOHN LUMIECO', 'REBATO', 'L', 'BSIT', '20210475', '2023-04-17', 1, 0, 'MALE', 'A', 'REGULAR', '2ND'),
(608, 'JIM BRANDON', 'RILVERIA', 'C', 'BSIT', '20210476', '2023-04-17', 1, 0, 'MALE', 'A', 'REGULAR', '2ND'),
(609, 'DEO POL', 'SIMACON', 'B', 'BSIT', '20210477', '2023-04-17', 1, 0, 'MALE', 'A', 'REGULAR', '2ND'),
(610, 'LAURENCE LESTER', 'CARIÑO', 'G', 'BSIT', '20210480', '2023-04-17', 1, 0, 'MALE', 'B', 'REGULAR', '2ND'),
(611, 'MASAOMI', 'DE LEON', '-', 'BSIT', '20210481', '2023-04-17', 1, 0, 'MALE', 'B', 'REGULAR', '2ND'),
(612, 'KAYE AIKA', 'DE VERA', 'T', 'BSIT', '20210482', '2023-04-17', 1, 0, 'FEMALE', 'B', 'REGULAR', '2ND'),
(613, 'MARVIN', 'DELA CRUZ', 'B', 'BSIT', '20210483', '2023-04-17', 1, 0, 'MALE', 'B', 'REGULAR', '2ND'),
(614, 'RACHEL JOY', 'DELA ROSA', 'A', 'BSIT', '20210484', '2023-04-17', 1, 0, 'FEMALE', 'B', 'REGULAR', '2ND'),
(615, 'LEXI JOHANA', 'DEMATE', 'R', 'BSIT', '20210485', '2023-04-17', 1, 0, 'FEMALE', 'B', 'REGULAR', '2ND'),
(616, 'KYLE BASTI', 'FLORES', 'M', 'BSIT', '20210486', '2023-04-17', 1, 0, 'MALE', 'B', 'REGULAR', '2ND'),
(617, 'REY PATRICK', 'HERRERA', 'C', 'BSIT', '20210487', '2023-04-17', 1, 0, 'MALE', 'B', 'REGULAR', '2ND'),
(618, 'JAMES', 'LAMPAZA', 'O', 'BSIT', '20210489', '2023-04-17', 1, 0, 'MALE', 'B', 'REGULAR', '2ND'),
(619, 'IRISH ANN', 'MAHINAY', 'D', 'BSIT', '20210490', '2023-04-17', 1, 0, 'FEMALE', 'B', 'REGULAR', '2ND'),
(620, 'ICEE KHYL', 'MANGAHAS', 'A', 'BSIT', '20210491', '2023-04-17', 1, 0, 'MALE', 'B', 'REGULAR', '2ND'),
(621, 'ESMERALDO', 'NILO JR.', 'P', 'BSIT', '20210493', '2023-04-17', 1, 0, 'MALE', 'B', 'REGULAR', '2ND'),
(622, 'ROSYL JOHN', 'PATIÑO', 'L', 'BSIT', '20210494', '2023-04-17', 1, 0, 'MALE', 'B', 'REGULAR', '2ND'),
(623, 'PAUL ANTHONY', 'RAMIREZ', 'M', 'BSIT', '20210495', '2023-04-17', 1, 0, 'MALE', 'B', 'REGULAR', '2ND'),
(624, 'SANCHAI', 'SANCHEZ', 'S', 'BSIT', '20210496', '2023-04-17', 1, 0, 'FEMALE', 'B', 'REGULAR', '2ND'),
(625, 'KARL JOSEPH', 'SANTIAGO', 'V', 'BSIT', '20210497', '2023-04-17', 1, 0, 'MALE', 'B', 'REGULAR', '2ND'),
(626, 'SHAIRA RICHELLE', 'SANTOS', 'C', 'BSIT', '20210498', '2023-04-17', 1, 0, 'FEMALE', 'B', 'REGULAR', '2ND'),
(627, 'LAURICE', 'STA. ROMANA', 'C', 'BSIT', '20210499', '2023-04-17', 1, 0, 'MALE', 'B', 'REGULAR', '2ND'),
(628, 'RON EARLWIN', 'TALAY', 'A', 'BSIT', '20210500', '2023-04-17', 1, 0, 'MALE', 'B', 'IRREGULAR', '2ND'),
(629, 'MARK JOHN', 'TORIO', 'V', 'BSIT', '20210501', '2023-04-17', 1, 0, 'MALE', 'B', 'IRREGULAR', '2ND'),
(630, 'MASAMI GABRIELLE', 'URSAIS', 'A', 'BSIT', '20210502', '2023-04-17', 1, 0, 'MALE', 'B', 'REGULAR', '2ND'),
(631, 'KIMKHRYSHA MAE', 'ABARCA', 'C', 'BSIS', '20210524', '2023-04-17', 1, 0, 'FEMALE', 'A', 'REGULAR', '2ND'),
(632, 'DEXTER', 'AUSTRIA', 'H', 'BSIS', '20210526', '2023-04-17', 1, 0, 'MALE', 'A', 'REGULAR', '2ND'),
(633, 'ANGELICA JEAN', 'BALANE', 'A', 'BSIS', '20210527', '2023-04-17', 1, 0, 'FEMALE', 'A', 'REGULAR', '2ND'),
(634, 'MARY JOY', 'BONGANAY', 'M', 'BSIS', '20210528', '2023-04-17', 1, 0, 'FEMALE', 'A', 'REGULAR', '2ND'),
(635, 'JESPHER', 'BORERES', 'M', 'BSIS', '20210529', '2023-04-17', 1, 0, 'MALE', 'A', 'REGULAR', '2ND'),
(636, 'MARIAN MARSHA', 'BUCATCAT', 'M', 'BSIS', '20210530', '2023-04-17', 1, 0, 'FEMALE', 'A', 'REGULAR', '2ND'),
(637, 'MARY JANE', 'EGRUBAY', 'D', 'BSIS', '20210532', '2023-04-17', 1, 0, 'FEMALE', 'A', 'REGULAR', '2ND'),
(638, 'MARINELA JOY', 'IBAY', 'A', 'BSIS', '20210533', '2023-04-17', 1, 0, 'FEMALE', 'A', 'REGULAR', '2ND'),
(639, 'CIE-JHAY', 'MAGNO', 'T', 'BSIS', '20210535', '2023-04-17', 1, 0, 'MALE', 'A', 'REGULAR', '2ND'),
(640, 'ROGER', 'MALABANAN JR.,', 'A', 'BSIS', '20210536', '2023-04-17', 1, 0, 'MALE', 'A', 'REGULAR', '2ND'),
(641, 'VINCE NEILL', 'NAVALES', '-', 'BSIS', '20210537', '2023-04-17', 1, 0, 'MALE', 'A', 'REGULAR', '2ND'),
(642, 'GERALD', 'OGARDO', 'M', 'BSIS', '20210538', '2023-04-17', 1, 0, 'MALE', 'A', 'REGULAR', '2ND'),
(643, 'JURILAINE ANNE', 'PACAMARA', 'H', 'BSIS', '20210539', '2023-04-17', 1, 0, 'FEMALE', 'A', 'REGULAR', '2ND'),
(644, 'DAISY', 'PAJARES', 'G', 'BSIS', '20210540', '2023-04-17', 1, 0, 'FEMALE', 'A', 'REGULAR', '2ND'),
(645, 'JHENNY MAE', 'PANES', 'A', 'BSIS', '20210541', '2023-04-17', 1, 0, 'FEMALE', 'A', 'REGULAR', '2ND'),
(646, 'ANGELO URIEL', 'PELAGIO', 'R', 'BSCS', '20210542', '2023-04-17', 1, 0, 'MALE', 'A', 'REGULAR', '2ND'),
(647, 'RONALYN', 'PEREZ', 'P', 'BSIS', '20210543', '2023-04-17', 1, 0, 'FEMALE', 'A', 'REGULAR', '2ND'),
(648, 'ALEJO', 'PETEROS', 'O', 'BSIS', '20210544', '2023-04-17', 1, 0, 'MALE', 'A', 'REGULAR', '2ND'),
(649, 'AUBREY KATE', 'QUIÑONEZ', 'M', 'BSIS', '20210545', '2023-04-17', 1, 0, 'FEMALE', 'A', 'REGULAR', '2ND'),
(650, 'SHAN MATTHEW', 'QUITORIANO', 'G', 'BSIS', '20210546', '2023-04-17', 1, 0, 'MALE', 'A', 'REGULAR', '2ND'),
(651, 'SIDNEY KYLA', 'RAMOS', 'Z', 'BSIS', '20210547', '2023-04-17', 1, 0, 'FEMALE', 'A', 'REGULAR', '2ND'),
(652, 'ANGELICA', 'UY', 'P', 'BSIS', '20210548', '2023-04-17', 1, 0, 'FEMALE', 'A', 'REGULAR', '2ND'),
(653, 'BRIAN', 'AGRAVIADOR', 'D', 'BSIS', '20210549', '2023-04-17', 1, 0, 'MALE', 'B', 'REGULAR', '2ND'),
(654, 'MONICA', 'ALBURO', 'R', 'BSIS', '20210550', '2023-04-17', 1, 0, 'FEMALE', 'B', 'REGULAR', '2ND'),
(655, 'KELLY ANN', 'ALINSUB', 'T', 'BSIS', '20210551', '2023-04-17', 1, 0, 'FEMALE', 'B', 'REGULAR', '2ND'),
(656, 'AJHAY', 'ARENDAYEN', 'R', 'BSIS', '20210552', '2023-04-17', 1, 0, 'MALE', 'B', 'REGULAR', '2ND'),
(657, 'CHRISTIAN DAVE', 'BERNAL', 'P', 'BSIS', '20210553', '2023-04-17', 1, 0, 'MALE', 'B', 'REGULAR', '2ND'),
(658, 'MELVIN', 'CUSTODIO', 'M', 'BSIS', '20210554', '2023-04-17', 1, 0, 'MALE', 'B', 'REGULAR', '2ND'),
(659, 'ARABELA GRACE', 'DEZA', 'A', 'BSIS', '20210555', '2023-04-17', 1, 0, 'FEMALE', 'B', 'REGULAR', '2ND'),
(660, 'RAPHAEL CHRISTIAN', 'DIONISIO', 'L', 'BSIS', '20210556', '2023-04-17', 1, 0, 'MALE', 'B', 'REGULAR', '2ND'),
(661, 'DESIREE', 'GALANAGA', 'M', 'BSIS', '20210557', '2023-04-17', 1, 0, 'FEMALE', 'B', 'REGULAR', '2ND'),
(662, 'FRANCHESKA  MARIE', 'GARCIA', 'C', 'BSIS', '20210558', '2023-04-17', 1, 0, 'FEMALE', 'B', 'REGULAR', '2ND'),
(663, 'JERICO', 'GENCIANA', 'C', 'BSIS', '20210559', '2023-04-17', 1, 0, 'MALE', 'B', 'REGULAR', '2ND'),
(664, 'AERON', 'GUILLERMO', 'D', 'BSIS', '20210560', '2023-04-17', 1, 0, 'MALE', 'B', 'REGULAR', '2ND'),
(665, 'RAIZA MAE', 'ISIT', 'D', 'BSIS', '20210562', '2023-04-17', 1, 0, 'FEMALE', 'B', 'REGULAR', '2ND'),
(666, 'JB REY', 'LOCSIN', 'S', 'BSIS', '20210563', '2023-04-17', 1, 0, 'MALE', 'B', 'REGULAR', '2ND'),
(667, 'LIEZLE ANNE', 'LOYOLA', 'B', 'BSIS', '20210564', '2023-04-17', 1, 0, 'FEMALE', 'B', 'REGULAR', '2ND'),
(668, 'SHAINE IVY', 'PALOMARES', 'P', 'BSIS', '20210565', '2023-04-17', 1, 0, 'FEMALE', 'B', 'REGULAR', '2ND'),
(669, 'SHAIRA GRACE', 'REGINIO', 'M', 'BSIS', '20210566', '2023-04-17', 1, 0, 'FEMALE', 'B', 'REGULAR', '2ND'),
(670, 'JAN-JAN', 'SANTIAGO', 'P', 'BSIS', '20210568', '2023-04-17', 1, 0, 'MALE', 'B', 'REGULAR', '2ND'),
(671, 'CHRISTINE JOY', 'SAPRA', 'D', 'BSIS', '20210569', '2023-04-17', 1, 0, 'FEMALE', 'B', 'REGULAR', '2ND'),
(672, 'ELAIZA KRISELLE', 'TALION', 'E', 'BSIS', '20210570', '2023-04-17', 1, 0, 'FEMALE', 'B', 'REGULAR', '2ND'),
(673, 'MARK', 'TONIO', '-', 'BSIS', '20210571', '2023-04-17', 1, 0, 'MALE', 'B', 'REGULAR', '2ND'),
(674, 'LEANNE', 'VIVAS', '-', 'BSIS', '20210572', '2023-04-17', 1, 0, 'FEMALE', 'B', 'REGULAR', '2ND'),
(675, 'NINA MIKAELA', 'YALUNG', 'S', 'BSCS', '20210573', '2023-04-17', 1, 0, 'FEMALE', 'A', 'REGULAR', '2ND'),
(676, 'KATHERINE JOYCE', 'OCARES', 'Q', 'BSCS', '20211036', '2023-04-17', 1, 0, 'FEMALE', 'A', 'REGULAR', '2ND'),
(677, 'HAZEL ANN', 'NOQUERA', 'A', 'BSCS', '20211037', '2023-04-17', 1, 0, 'FEMALE', 'A', 'REGULAR', '2ND'),
(678, 'KHATE CRYSTAL', 'BAUTISTA', 'M', 'BSCS', '20211038', '2023-04-17', 1, 0, 'FEMALE', 'A', 'REGULAR', '2ND'),
(679, 'FLOREAN', 'NAVARRO', 'J', 'BSCS', '20211039', '2023-04-17', 1, 0, 'FEMALE', 'A', 'REGULAR', '2ND'),
(680, 'JUSTINE', 'CONSULTA', 'M', 'BSCS', '20211041', '2023-04-17', 1, 0, 'MALE', 'A', 'REGULAR', '2ND'),
(681, 'JULIAN MIGUEL', 'AVILA', 'D', 'BSCS', '20211042', '2023-04-17', 1, 0, 'MALE', 'A', 'REGULAR', '2ND'),
(682, 'JAMES', 'HALAYAHAY', 'G', 'BSCS', '20211043', '2023-04-17', 1, 0, 'MALE', 'A', 'REGULAR', '2ND'),
(683, 'ERWIN', 'REGINIO', 'C', 'BSCS', '20211044', '2023-04-17', 1, 0, 'MALE', 'A', 'REGULAR', '2ND'),
(684, 'CYRILLE JOHN', 'ELEAZAR', 'P', 'BSCS', '20211045', '2023-04-17', 1, 0, 'MALE', 'A', 'REGULAR', '2ND'),
(685, 'DARYLL', 'MIGUEL', 'T', 'BSCS', '20211046', '2023-04-17', 1, 0, 'MALE', 'A', 'REGULAR', '2ND'),
(686, 'RUSTY MIGUEL', 'RAMOS', 'O', 'BSCS', '20211047', '2023-04-17', 1, 0, 'MALE', 'A', 'REGULAR', '2ND'),
(687, 'MERWIN JOHN', 'LOZADA', 'L', 'BSCS', '20211049', '2023-04-17', 1, 0, 'MALE', 'A', 'REGULAR', '2ND'),
(688, 'KARL DENMARK', 'RAZON', 'B', 'BSCS', '20211050', '2023-04-17', 1, 0, 'MALE', 'A', 'REGULAR', '2ND'),
(689, 'GHIE RICKO', 'APOLINARIO', 'R', 'BSCS', '20211051', '2023-04-17', 1, 0, 'MALE', 'A', 'REGULAR', '2ND'),
(690, 'ISAAC GABRIELLE', 'DOMINO', '-', 'BSCS', '20211052', '2023-04-17', 1, 0, 'MALE', 'A', 'REGULAR', '2ND'),
(691, 'CHRISTOPHER', 'PERALTA', 'A', 'BSCS', '20211053', '2023-04-17', 1, 0, 'MALE', 'A', 'IRREGULAR', '2ND'),
(692, 'JETHRO', 'STOESSEL', 'C', 'BSCS', '20211055', '2023-04-17', 1, 0, 'MALE', 'A', 'REGULAR', '2ND'),
(693, 'ELIZER JR.', 'ENGANA', 'N', 'BSCS', '20211056', '2023-04-17', 1, 0, 'MALE', 'A', 'REGULAR', '2ND'),
(694, 'JASPER', 'MELLA', 'S', 'BSCS', '20211057', '2023-04-17', 1, 0, 'MALE', 'A', 'REGULAR', '2ND'),
(695, 'CARL ANSON', 'ANDRES', 'R', 'BSCS', '20211058', '2023-04-17', 1, 0, 'MALE', 'A', 'REGULAR', '2ND'),
(696, 'JAY ANN ROSE', 'GERENTE', 'B', 'BSCS', '20211061', '2023-04-17', 1, 0, 'FEMALE', 'B', 'REGULAR', '2ND'),
(697, 'JAMAICA ROSE', 'GRAFIL', 'P', 'BSCS', '20211062', '2023-04-17', 1, 0, 'FEMALE', 'B', 'REGULAR', '2ND'),
(698, 'JULIET', 'BAUTISTA', 'S', 'BSCS', '20211064', '2023-04-17', 1, 0, 'FEMALE', 'B', 'REGULAR', '2ND'),
(699, 'HAZEL JADE', 'LOBENARIA', 'O', 'BSCS', '20211065', '2023-04-17', 1, 0, 'FEMALE', 'B', 'REGULAR', '2ND'),
(700, 'HAZEL ANN', 'BUCAD', 'U', 'BSCS', '20211066', '2023-04-17', 1, 0, 'FEMALE', 'B', 'REGULAR', '2ND'),
(701, 'GERWIN', 'LAGUTAN', 'A', 'BSCS', '20211067', '2023-04-17', 1, 0, 'MALE', 'B', 'REGULAR', '2ND'),
(702, 'PRINCE LAWRENCE', 'JACINTO', 'D', 'BSCS', '20211068', '2023-04-17', 1, 0, 'MALE', 'B', 'REGULAR', '2ND'),
(703, 'LEMUEL', 'REYES', 'C', 'BSCS', '20211070', '2023-04-17', 1, 0, 'MALE', 'B', 'REGULAR', '2ND'),
(704, 'CALEB GWENN', 'GALAGAR', 'G', 'BSCS', '20211071', '2023-04-17', 1, 0, 'MALE', 'B', 'REGULAR', '2ND'),
(705, 'ARNIE', 'MANUMBAGA', '-', 'BSCS', '20211072', '2023-04-17', 1, 0, 'MALE', 'B', 'REGULAR', '2ND'),
(706, 'PRINCE JERICHO', 'SANTOS', '-', 'BSCS', '20211073', '2023-04-17', 1, 0, 'MALE', 'B', 'REGULAR', '2ND'),
(707, 'JOSHUA', 'CINCO', 'D', 'BSCS', '20211074', '2023-04-17', 1, 0, 'MALE', 'B', 'REGULAR', '2ND'),
(708, 'JOHN LLOYD', 'ITLIONG', '-', 'BSCS', '20211076', '2023-04-17', 1, 0, 'MALE', 'B', 'REGULAR', '2ND'),
(709, 'JOHN JOVEN', 'BORROMEO', 'L', 'BSCS', '20211078', '2023-04-17', 1, 0, 'MALE', 'B', 'REGULAR', '2ND'),
(710, 'JHUDE', 'VERGARA', 'A', 'BSCS', '20211079', '2023-04-17', 1, 0, 'MALE', 'B', 'REGULAR', '2ND'),
(711, 'LANCE SAMUEL', 'BALLESTEROS', 'N', 'BSCS', '20211080', '2023-04-17', 1, 0, 'MALE', 'B', 'REGULAR', '2ND'),
(712, 'MARCUS JAMES', 'TAPANG', 'A', 'BSCS', '20211082', '2023-04-17', 1, 0, 'MALE', 'B', 'REGULAR', '2ND'),
(713, 'MICHOLO JOAQUIN', 'BUENAFE', '-', 'BSCS', '20211083', '2023-04-17', 1, 0, 'MALE', 'B', 'REGULAR', '2ND'),
(714, 'MARK RHICKY', 'RABY', 'P', 'BSCS', '20211084', '2023-04-17', 1, 0, 'MALE', 'B', 'REGULAR', '2ND'),
(715, 'DENVER', 'ALAPAD', 'D', 'BSIT', '20211282', '2023-04-17', 1, 0, 'MALE', 'B', 'REGULAR', '2ND'),
(716, 'MARK DENNIS', 'BAJADO', 'R', 'BSIT', '20211452', '2023-04-17', 1, 0, 'MALE', 'A', 'REGULAR', '2ND'),
(717, 'CYKIR AZRIC', 'EVORA', 'F', 'BSIT', '20211453', '2023-04-17', 1, 0, 'MALE', 'A', 'REGULAR', '2ND'),
(718, 'PIOLO', 'MACAILAO', 'D', 'BSIT', '20211454', '2023-04-17', 1, 0, 'MALE', 'A', 'REGULAR', '2ND'),
(719, 'BERNARD EDRICK', 'RED', 'A', 'BSIT', '20211455', '2023-04-17', 1, 0, 'MALE', 'A', 'REGULAR', '2ND'),
(720, 'JAYBEE', 'DOMINGUEZ', 'F', 'BSIT', '20211457', '2023-04-17', 1, 0, 'MALE', 'A', 'REGULAR', '2ND'),
(721, 'LOUIE ROBBY', 'CABADING', 'S', 'BSIT', '20211459', '2023-04-17', 1, 0, 'MALE', 'B', 'REGULAR', '2ND'),
(722, 'VANIELLE', 'BILUNO', 'B', 'BSIT', '20211460', '2023-04-17', 1, 0, 'MALE', 'B', 'REGULAR', '2ND'),
(723, 'RONALD STEPHEN', 'TARDAGUILA', 'L', 'BSIT', '20211462', '2023-04-17', 1, 0, 'MALE', 'B', 'IRREGULAR', '2ND'),
(724, 'MAWIE', 'SERRANO', 'V', 'BSIT', '20211463', '2023-04-17', 1, 0, 'MALE', 'B', 'REGULAR', '2ND'),
(725, 'PATRICK JR.', 'SADSAD', '-', 'BSIT', '20211464', '2023-04-17', 1, 0, 'MALE', 'B', 'IRREGULAR', '2ND'),
(726, 'NICOLETTE ELLIZER', 'GUEVARRA', 'L', 'BSIT', '20211465', '2023-04-17', 1, 0, 'FEMALE', 'A', 'REGULAR', '2ND'),
(727, 'KEANEL  ALLIAN', 'SORIANO', 'S', 'BSIT', '20211466', '2023-04-17', 1, 0, 'MALE', 'B', 'REGULAR', '2ND'),
(728, 'JOSHUA', 'MANIAPAO', 'A', 'BSIT', '20211467', '2023-04-17', 1, 0, 'MALE', 'A', 'REGULAR', '2ND'),
(729, 'ABUBAKAR', 'LAWAMA', 'M', 'BSIT', '20211468', '2023-04-17', 1, 0, 'MALE', 'B', 'REGULAR', '2ND'),
(730, 'CHRISTIAN', 'ABANCO', 'A', 'BSIT', '20211469', '2023-04-17', 1, 0, 'MALE', 'A', 'REGULAR', '2ND'),
(731, 'JONN MICHAEL', 'DUKA', 'R', 'BSIT', '20211470', '2023-04-17', 1, 0, 'MALE', 'B', 'IRREGULAR', '2ND'),
(732, 'ANNALYN', 'QUINAWAYAN', 'H', 'BSIT', '20211471', '2023-04-17', 1, 0, 'FEMALE', 'A', 'REGULAR', '2ND'),
(733, 'MICHAEL JOSHUA', 'COCHING', 'M', 'BSIT', '20211472', '2023-04-17', 1, 0, 'MALE', 'B', 'IRREGULAR', '2ND'),
(734, 'KARL GABRIEL', 'PEREZ', '-', 'BSIT', '20211489', '2023-04-17', 1, 0, 'MALE', 'A', 'REGULAR', '2ND'),
(735, 'AZY JOAQUIN', 'PERALTA', 'B', 'BSEMC', '20211490', '2023-04-17', 1, 0, 'MALE', 'A', 'REGULAR', '2ND'),
(736, 'MAURISABEL', 'TEOPRIN', 'A', 'BSIT', '20211492', '2023-04-17', 1, 0, 'FEMALE', 'B', 'REGULAR', '2ND'),
(737, 'CHRISTIAN', 'ELISTERIO', 'N', 'BSIT', '20211493', '2023-04-17', 1, 0, 'MALE', 'B', 'REGULAR', '2ND'),
(738, 'JEROME', 'MASAMBAL', 'P', 'BSEMC', '20211523', '2023-04-17', 1, 0, 'MALE', 'A', 'REGULAR', '2ND'),
(739, 'DWIGHT PATRICK', 'RAMONES', 'G', 'BSEMC', '20211525', '2023-04-17', 1, 0, 'MALE', 'A', 'REGULAR', '2ND'),
(740, 'NHEL', 'ARIOLA', 'M', 'BSEMC', '20211526', '2023-04-17', 1, 0, 'MALE', 'B', 'REGULAR', '2ND'),
(741, 'LENARD GABRIEL', 'GASPI', 'O', 'BSEMC', '20211527', '2023-04-17', 1, 0, 'MALE', 'B', 'REGULAR', '2ND'),
(742, 'ANDREW', 'QUIAMBAO', 'B', 'BSIS', '20211528', '2023-04-17', 1, 0, 'MALE', 'A', 'REGULAR', '2ND'),
(743, 'ANGELO', 'BUENAVENTURA', 'D', 'BSIS', '20211530', '2023-04-17', 1, 0, 'MALE', 'A', 'REGULAR', '2ND'),
(744, 'SHEILA MAE', 'VILLEGAS', 'R', 'BSIS', '20211531', '2023-04-17', 1, 0, 'FEMALE', 'A', 'REGULAR', '2ND'),
(745, 'TERESA', 'FEBRERO', 'A', 'BSIS', '20211532', '2023-04-17', 1, 0, 'FEMALE', 'B', 'REGULAR', '2ND'),
(746, 'BRIAN', 'BUCIO', 'Q', 'BSIS', '20211533', '2023-04-17', 1, 0, 'MALE', 'B', 'REGULAR', '2ND'),
(747, 'KRISTOFFER', 'CABIGON', 'D', 'BSIS', '20211534', '2023-04-17', 1, 0, 'MALE', 'B', 'REGULAR', '2ND'),
(748, 'RICKY JAMES', 'MOLINA', 'V', 'BSIS', '20211535', '2023-04-17', 1, 0, 'MALE', 'B', 'REGULAR', '2ND'),
(749, 'JOYCE ANN', 'CALVEZ', 'M', 'BSIS', '20211536', '2023-04-17', 1, 0, 'FEMALE', 'B', 'IRREGULAR', '2ND'),
(750, 'ARON JAKE', 'RADAM', 'S', 'BSEMC', '20211557', '2023-04-17', 1, 0, 'MALE', 'A', 'REGULAR', '2ND'),
(751, 'JONAS GABRIEL', 'BOLOFER', 'C', 'BSEMC', '20211558', '2023-04-17', 1, 0, 'MALE', 'B', 'REGULAR', '2ND'),
(752, 'REYLAN', 'BELARDO', 'M', 'BSCS', '20211590', '2023-04-17', 1, 0, 'MALE', 'A', 'REGULAR', '2ND'),
(753, 'ROSEMARIE', 'BULLO', 'A', 'BSCS', '20211591', '2023-04-17', 1, 0, 'FEMALE', 'A', 'REGULAR', '2ND'),
(754, 'MAY ANN', 'DEL ROSARIO', 'B', 'BSCS', '20211592', '2023-04-17', 1, 0, 'FEMALE', 'A', 'REGULAR', '2ND'),
(755, 'YVAN', 'FRANCISCO', '-', 'BSCS', '20211593', '2023-04-17', 1, 0, 'MALE', 'A', 'REGULAR', '2ND'),
(756, 'JOHN PAOLO', 'LEPON', 'S', 'BSCS', '20211594', '2023-04-17', 1, 0, 'MALE', 'A', 'REGULAR', '2ND'),
(757, 'ALLAN ISAAC JR.', 'MANGUERRA', 'P', 'BSCS', '20211595', '2023-04-17', 1, 0, 'MALE', 'A', 'REGULAR', '2ND'),
(758, 'LORIE ANNE', 'ARROYO', '-', 'BSIT', '20211596', '2023-04-17', 1, 0, 'FEMALE', 'B', 'REGULAR', '1ST'),
(759, 'WARREN JETHER', 'GUEVARRA', 'L', 'BSCS', '20211597', '2023-04-17', 1, 0, 'MALE', 'B', 'REGULAR', '2ND'),
(760, 'AN-GHELO', 'MATE', 'C', 'BSCS', '20211598', '2023-04-17', 1, 0, 'MALE', 'B', 'REGULAR', '2ND'),
(761, 'DOROTHY', 'GREGORIO', 'A', 'BSEMC', '20211599', '2023-04-17', 1, 0, 'FEMALE', 'B', 'REGULAR', '2ND'),
(762, 'LEANSEL NICO', 'ORTEGA', 'C', 'BSCS', '20211599', '2023-04-17', 1, 0, 'MALE', 'B', 'REGULAR', '2ND'),
(763, 'RAYMART', 'SARMIENTO', 'R', 'BSCS', '20211600', '2023-04-17', 1, 0, 'MALE', 'B', 'REGULAR', '2ND'),
(764, 'JOHN GLEN', 'MONZON', 'B', 'BSCS', '20211677', '2023-04-17', 1, 0, 'MALE', 'B', 'REGULAR', '2ND'),
(765, 'ADRIAN', 'ALCOBENDAS', 'G', 'BSCS', '20211678', '2023-04-17', 1, 0, 'MALE', 'B', 'REGULAR', '2ND'),
(766, 'JOHN CHRISTIAN', 'BERNAL', 'G', 'BSIS', '20211744', '2023-04-17', 1, 0, 'MALE', 'A', 'IRREGULAR', '2ND'),
(767, 'REINNIEL JOHNE', 'VERGARA', 'M', 'BSCS', '20211749', '2023-04-17', 1, 0, 'MALE', 'B', 'IRREGULAR', '2ND'),
(768, 'JUDY MAR', 'GACUTAN', 'T', 'BSIT', '20211759', '2023-04-17', 1, 0, 'FEMALE', 'A', 'IRREGULAR', '2ND'),
(769, 'MA. CAROLINE', 'SALDO', 'O', 'BSCS', '20211761', '2023-04-17', 1, 0, 'FEMALE', 'B', 'IRREGULAR', '2ND'),
(770, 'ALDRICH', 'FELIX', 'L', 'BSIT', '20220042', '2023-04-17', 1, 0, 'MALE', 'A', 'REGULAR', '1ST'),
(771, 'IVERSON', 'SALIDO', '-', 'BSIT', '20220043', '2023-04-17', 1, 0, 'MALE', 'A', 'REGULAR', '1ST'),
(772, 'LOUIE JOHN ANDRIE', 'GAURANA', 'N', 'BSIS', '20220044', '2023-04-17', 1, 0, 'MALE', 'A', 'REGULAR', '1ST'),
(773, 'ELDREN', 'LURZANO', 'L', 'BSIT', '20220047', '2023-04-17', 1, 0, 'FEMALE', 'A', 'REGULAR', '1ST'),
(774, 'VINCENT ORLAND', 'MALINAO', 'D', 'BSIT', '20220048', '2023-04-17', 1, 0, 'MALE', 'A', 'REGULAR', '1ST'),
(775, 'MARK VINCENT', 'HOLLON', 'T', 'BSIT', '20220049', '2023-04-17', 1, 0, 'MALE', 'A', 'REGULAR', '1ST'),
(776, 'LORENZO', 'NISPEROS', 'M', 'BSIT', '20220050', '2023-04-17', 1, 0, 'MALE', 'A', 'REGULAR', '1ST'),
(777, 'LUIS GABRIEL', 'MAHINAY', 'P', 'BSIT', '20220051', '2023-04-17', 1, 0, 'MALE', 'A', 'REGULAR', '1ST'),
(778, 'JOHN SIMONE', 'TEMONES', 'A', 'BSIT', '20220053', '2023-04-17', 1, 0, 'MALE', 'A', 'REGULAR', '1ST'),
(779, 'JHON DEN BERT', 'LAYSON', 'M', 'BSIT', '20220054', '2023-04-17', 1, 0, 'MALE', 'A', 'REGULAR', '1ST'),
(780, 'MERWIN', 'CABISON', 'L', 'BSEMC', '20220055', '2023-04-17', 1, 0, 'MALE', 'A', 'REGULAR', '1ST'),
(781, 'LAIRA COLEEN', 'SAMIS', 'W', 'BSCS', '20220057', '2023-04-17', 1, 0, 'FEMALE', 'A', 'REGULAR', '1ST'),
(782, 'RAYMOND', 'PALOMARES', 'R', 'BSCS', '20220058', '2023-04-17', 1, 0, 'MALE', 'A', 'REGULAR', '1ST'),
(783, 'JOSHUA GABRIEL', 'DANTES', 'P', 'BSCS', '20220059', '2023-04-17', 1, 0, 'MALE', 'A', 'REGULAR', '1ST'),
(784, 'MARK RELAN', 'ACEDO', 'G', 'BSCS', '20220060', '2023-04-17', 1, 0, 'MALE', 'A', 'REGULAR', '1ST'),
(785, 'SEIFFER CHARLES', 'SALUPADO', 'S', 'BSCS', '20220061', '2023-04-17', 1, 0, 'MALE', 'A', 'REGULAR', '1ST'),
(786, 'JOVIEL', 'REBUSIO', 'V', 'BSIT', '20220066', '2023-04-17', 1, 0, 'FEMALE', 'A', 'REGULAR', '1ST'),
(787, 'JOSHUA', 'LONOZA', 'O', 'BSCS', '20220078', '2023-04-17', 1, 0, 'MALE', 'A', 'REGULAR', '1ST'),
(788, 'CHRISTIAN', 'SERRANO', 'P', 'BSCS', '20220081', '2023-04-17', 1, 0, 'MALE', 'A', 'REGULAR', '1ST'),
(789, 'JOHN MICHAEL', 'BERNARDO', 'D', 'BSCS', '20220082', '2023-04-17', 1, 0, 'MALE', 'A', 'REGULAR', '1ST'),
(790, 'JOHN ALWIN', 'NOCILLADO', 'R', 'BSIT', '20220085', '2023-04-17', 1, 0, 'MALE', 'A', 'IRREGULAR', '1ST'),
(791, 'CRISTOPEN', 'MONTE', 'F', 'BSEMC', '20220088', '2023-04-17', 1, 0, 'MALE', 'A', 'REGULAR', '1ST'),
(792, 'MARK LAURENZ', 'LISTANGCO', 'R', 'BSCS', '20220097', '2023-04-17', 1, 0, 'MALE', 'A', 'REGULAR', '1ST'),
(793, 'ANTHONY JOHN', 'CERVANTES', 'L', 'BSEMC', '20220099', '2023-04-17', 1, 0, 'MALE', 'A', 'REGULAR', '1ST'),
(794, 'LEE HARVEY', 'VILLARUEL', 'M', 'BSEMC', '20220100', '2023-04-17', 1, 0, 'MALE', 'A', 'REGULAR', '1ST'),
(795, 'LESTER', 'ARUBIO', 'P', 'BSIT', '20220103', '2023-04-17', 1, 0, 'MALE', 'A', 'REGULAR', '1ST'),
(796, 'ROGELIO', 'GARIN JR', 'P', 'BSEMC', '20220106', '2023-04-17', 1, 0, 'MALE', 'A', 'REGULAR', '1ST'),
(797, 'RUSSELL', 'BARRO', 'A', 'BSIS', '20220118', '2023-04-17', 1, 0, 'MALE', 'A', 'REGULAR', '1ST'),
(798, 'JASPER', 'VILLANUEVA', 'P', 'BSCS', '20220119', '2023-04-17', 1, 0, 'MALE', 'A', 'REGULAR', '1ST'),
(799, 'JULIAN CHRISTOPHER', 'NACEDA', 'M', 'BSIS', '20220125', '2023-04-17', 1, 0, 'MALE', 'A', 'REGULAR', '1ST'),
(800, 'CHRISTOPH RONN SERGEI', 'DIMSON', 'C', 'BSEMC', '20220139', '2023-04-17', 1, 0, 'MALE', 'A', 'REGULAR', '1ST'),
(801, 'SHAWN PAOLO', 'VILLARAMA', 'B', 'BSEMC', '20220141', '2023-04-17', 1, 0, 'MALE', 'A', 'REGULAR', '1ST'),
(802, 'DANIEL', 'LOGMAO', 'S', 'BSEMC', '20220143', '2023-04-17', 1, 0, 'MALE', 'A', 'REGULAR', '1ST'),
(803, 'JHON LESTER', 'TANEO', 'I', 'BSEMC', '20220144', '2023-04-17', 1, 0, 'MALE', 'A', 'REGULAR', '1ST'),
(804, 'ALVIN', 'PATEÑO', 'L', 'BSEMC', '20220145', '2023-04-17', 1, 0, 'MALE', 'A', 'REGULAR', '1ST'),
(805, 'JASTINE JOSEPH', 'BARORO', 'V', 'BSIT', '20220148', '2023-04-17', 1, 0, 'MALE', 'A', 'REGULAR', '1ST'),
(806, 'JHON CLARENCE', 'ICO', 'D', 'BSIT', '20220149', '2023-04-17', 1, 0, 'MALE', 'A', 'REGULAR', '1ST'),
(807, 'RICKY', 'GERBOLINGO', 'A', 'BSIT', '20220156', '2023-04-17', 1, 0, 'MALE', 'A', 'REGULAR', '1ST'),
(808, 'JOSHUA', 'PIEDAD', 'L', 'BSEMC', '20220163', '2023-04-17', 1, 0, 'MALE', 'A', 'REGULAR', '1ST'),
(809, 'GIROME ANDRIE', 'CUBELO', 'C', 'BSIS', '20220170', '2023-04-17', 1, 0, 'MALE', 'A', 'REGULAR', '1ST'),
(810, 'ANTONIO SEBASTIAN', 'TOLENTINO', 'R', 'BSIT', '20220181', '2023-04-17', 1, 0, 'MALE', 'A', 'REGULAR', '1ST'),
(811, 'SHIELA MAE', 'YU', 'T', 'BSEMC', '20220184', '2023-04-17', 1, 0, 'FEMALE', 'A', 'REGULAR', '1ST'),
(812, 'FRANXINE', 'ORIAS', 'C', 'BSCS', '20220185', '2023-04-17', 1, 0, 'FEMALE', 'A', 'REGULAR', '1ST'),
(813, 'SHARMAINE', 'FILAMO', 'B', 'BSEMC', '20220186', '2023-04-17', 1, 0, 'FEMALE', 'A', 'REGULAR', '1ST'),
(814, 'CHOLENE JANE', 'ABERIN', 'O', 'BSIS', '20220187', '2023-04-17', 1, 0, 'FEMALE', 'A', 'REGULAR', '1ST'),
(815, 'CHRISTOPHER', 'CARANG', '-', 'BSIT', '20220190', '2023-04-17', 1, 0, 'MALE', 'A', 'REGULAR', '1ST'),
(816, 'KURT BRYANT', 'DICCION', 'F', 'BSIT', '20220191', '2023-04-17', 1, 0, 'MALE', 'A', 'REGULAR', '1ST'),
(817, 'ANGELO JOSE ENRICO', 'FRANCISCO', 'C', 'BSCS', '20220202', '2023-04-17', 1, 0, 'MALE', 'B', 'REGULAR', '1ST'),
(818, 'KEVIN', 'PECAYO', 'A', 'BSIT', '20220204', '2023-04-17', 1, 0, 'MALE', 'A', 'REGULAR', '1ST'),
(819, 'KARL VINCENT', 'PEÑA', 'R', 'BSIT', '20220205', '2023-04-17', 1, 0, 'MALE', 'A', 'REGULAR', '1ST'),
(820, 'ELIJAH BLUES', 'RAMOS', 'J', 'BSIT', '20220206', '2023-04-17', 1, 0, 'MALE', 'A', 'REGULAR', '1ST'),
(821, 'GODWIN JAN', 'JIMENEZ', 'F', 'BSIT', '20220214', '2023-04-17', 1, 0, 'MALE', 'A', 'REGULAR', '1ST'),
(822, 'RAYMUND JOEL', 'CADIZ', 'P', 'BSIT', '20220216', '2023-04-17', 1, 0, 'MALE', 'A', 'REGULAR', '1ST'),
(823, 'JOSHUA', 'CARAIG', 'D', 'BSEMC', '20220217', '2023-04-17', 1, 0, 'MALE', 'A', 'REGULAR', '1ST'),
(824, 'ELLA LAINE', 'CARREON', 'T', 'BSIT', '20220218', '2023-04-17', 1, 0, 'FEMALE', 'A', 'REGULAR', '1ST'),
(825, 'FREDEMHAR', 'TABABA', 'V', 'BSIS', '20220237', '2023-04-17', 1, 0, 'MALE', 'A', 'REGULAR', '1ST'),
(826, 'GARVY REN', 'CAPALAC', 'V', 'BSCS', '20220255', '2023-04-17', 1, 0, 'MALE', 'A', 'REGULAR', '1ST'),
(827, 'GIAN HIGINO', 'FUNGO', 'O', 'BSCS', '20220256', '2023-04-17', 1, 0, 'MALE', 'A', 'REGULAR', '1ST'),
(828, 'ROY ADRIANNE', 'ESTEBAN', 'C', 'BSEMC', '20220257', '2023-04-17', 1, 0, 'MALE', 'A', 'REGULAR', '1ST'),
(829, 'RASHLY', 'ESTREMADURA', 'R', 'BSCS', '20220260', '2023-04-17', 1, 0, 'MALE', 'A', 'REGULAR', '1ST'),
(830, 'PATRICK', 'BUSTO', 'L', 'BSEMC', '20220261', '2023-04-17', 1, 0, 'MALE', 'A', 'REGULAR', '1ST'),
(831, 'RONAN RENZ', 'VALENCIA', 'T', 'BSCS', '20220262', '2023-04-17', 1, 0, 'MALE', 'A', 'REGULAR', '1ST'),
(832, 'TIMOTHY FRANCISCO', 'ERIT', '-', 'BSEMC', '20220265', '2023-04-17', 1, 0, 'MALE', 'A', 'REGULAR', '1ST'),
(833, 'CHARITY FAITH', 'OCAN', 'A', 'BSIT', '20220266', '2023-04-17', 1, 0, 'FEMALE', 'A', 'REGULAR', '1ST'),
(834, 'JAIRAH MAY', 'CASANILLO', 'P', 'BSEMC', '20220269', '2023-04-17', 1, 0, 'FEMALE', 'A', 'REGULAR', '1ST'),
(835, 'AXEL', 'VARGAS', 'A', 'BSIS', '20220272', '2023-04-17', 1, 0, 'MALE', 'A', 'REGULAR', '1ST'),
(836, 'MARIA ABEGAIL', 'OLIVEROS', 'B', 'BSEMC', '20220277', '2023-04-17', 1, 0, 'FEMALE', 'A', 'REGULAR', '1ST'),
(837, 'NORLINE', 'GASTILO', 'G', 'BSIS', '20220281', '2023-04-17', 1, 0, 'FEMALE', 'A', 'REGULAR', '1ST'),
(838, 'PAUL VINCENT', 'BUA', 'G', 'BSCS', '20220287', '2023-04-17', 1, 0, 'MALE', 'A', 'REGULAR', '1ST'),
(839, 'JANELLE', 'BALATUCAN', 'S', 'BSIT', '20220292', '2023-04-17', 1, 0, 'FEMALE', 'A', 'REGULAR', '1ST'),
(840, 'LARA MAE', 'LUQUIA', 'R', 'BSIT', '20220300', '2023-04-17', 1, 0, 'FEMALE', 'A', 'REGULAR', '1ST'),
(841, 'JACELYN', 'CARATAO', 'A', 'BSCS', '20220302', '2023-04-17', 1, 0, 'FEMALE', 'A', 'REGULAR', '1ST'),
(842, 'ACHILLES', 'PANGANIBAN', 'M', 'BSIS', '20220303', '2023-04-17', 1, 0, 'MALE', 'A', 'REGULAR', '1ST'),
(843, 'GYAN GEE', 'ALMANON', 'D', 'BSIS', '20220304', '2023-04-17', 1, 0, 'MALE', 'A', 'REGULAR', '1ST'),
(844, 'JHON KENETH RYAN', 'NAMIAS', 'B', 'BSCS', '20220313', '2023-04-17', 1, 0, 'MALE', 'A', 'REGULAR', '1ST'),
(845, 'FLORENCE', 'CABACUNGAN', 'B', 'BSEMC', '20220314', '2023-04-17', 1, 0, 'MALE', 'A', 'REGULAR', '1ST'),
(846, 'SHANE RUSSELL', 'ABOY', 'B', 'BSIS', '20220315', '2023-04-17', 1, 0, 'MALE', 'A', 'REGULAR', '1ST'),
(847, 'IRISH JADE', 'VIDAL', 'Y', 'BSEMC', '20220319', '2023-04-17', 1, 0, 'FEMALE', 'A', 'REGULAR', '1ST'),
(848, 'EULA MARIE', 'BRAZA', 'D', 'BSIT', '20220322', '2023-04-17', 1, 0, 'FEMALE', 'A', 'REGULAR', '1ST'),
(849, 'NEIL JOHN', 'BIÑALET', 'D', 'BSIT', '20220334', '2023-04-17', 1, 0, 'MALE', 'A', 'REGULAR', '1ST'),
(850, 'STEAVHEN HANZ', 'ELIAS', 'V', 'BSEMC', '20220335', '2023-04-17', 1, 0, 'MALE', 'A', 'REGULAR', '1ST'),
(851, 'KURT DANIEL', 'CANO', 'S', 'BSCS', '20220336', '2023-04-17', 1, 0, 'MALE', 'A', 'REGULAR', '1ST'),
(852, 'ALYSSA ASHLEY', 'SANTOS', 'I', 'BSCS', '20220367', '2023-04-17', 1, 0, 'FEMALE', 'A', 'REGULAR', '1ST'),
(853, 'EDUARD', 'GOMEZ', 'L', 'BSIS', '20220376', '2023-04-17', 1, 0, 'MALE', 'A', 'REGULAR', '1ST'),
(854, 'YVEZ LAWRENCE', 'CABUDSAN', 'M', 'BSCS', '20220377', '2023-04-17', 1, 0, 'MALE', 'A', 'REGULAR', '1ST'),
(855, 'LORD KENDRICH', 'VILLANO', 'M', 'BSIS', '20220380', '2023-04-17', 1, 0, 'MALE', 'A', 'REGULAR', '1ST'),
(856, 'JERICHO ANTHONY', 'OPELINIA', 'W', 'BSIS', '20220381', '2023-04-17', 1, 0, 'MALE', 'A', 'REGULAR', '1ST'),
(857, 'MARK JAMES', 'HUTALLA', 'C', 'BSEMC', '20220382', '2023-04-17', 1, 0, 'MALE', 'A', 'REGULAR', '1ST'),
(858, 'CLARENCE', 'DE GUZMAN', 'C', 'BSEMC', '20220384', '2023-04-17', 1, 0, 'MALE', 'A', 'REGULAR', '1ST'),
(859, 'CHRISTIAN AEDEL', 'ROMARATE', 'B', 'BSIS', '20220393', '2023-04-17', 1, 0, 'MALE', 'A', 'REGULAR', '1ST'),
(860, 'JUDEA ANNE', 'CASAREGO', 'A', 'BSIS', '20220397', '2023-04-17', 1, 0, 'FEMALE', 'A', 'REGULAR', '1ST'),
(861, 'KIM JOHN', 'QUIÑONEZ', 'P', 'BSCS', '20220398', '2023-04-17', 1, 0, 'MALE', 'B', 'REGULAR', '1ST'),
(862, 'LYNIEL CRIS', 'AYA-AY', 'S', 'BSCS', '20220404', '2023-04-17', 1, 0, 'MALE', 'A', 'REGULAR', '1ST'),
(863, 'MA. DESSIRY', 'UBALDO', 'S', 'BSIS', '20220432', '2023-04-17', 1, 0, 'FEMALE', 'A', 'REGULAR', '1ST'),
(864, 'MARY CLAIRE', 'DE GUZMAN', 'G', 'BSIT', '20220439', '2023-04-17', 1, 0, 'FEMALE', 'A', 'REGULAR', '1ST'),
(865, 'CHRISTIAN BRYLLE', 'MATA', 'B', 'BSIS', '20220443', '2023-04-17', 1, 0, 'MALE', 'A', 'REGULAR', '1ST'),
(866, 'SHUNNE GABRIEL', 'SANDOVAL', 'M', 'BSEMC', '20220451', '2023-04-17', 1, 0, 'MALE', 'A', 'REGULAR', '1ST'),
(867, 'LANCE PATRICK ANGELO', 'MARTINEZ', 'T', 'BSEMC', '20220454', '2023-04-17', 1, 0, 'MALE', 'A', 'REGULAR', '1ST'),
(868, 'GENREY', 'CRISTOBAL', 'O', 'BSCS', '20220456', '2023-04-17', 1, 0, 'MALE', 'A', 'REGULAR', '1ST'),
(869, 'RODEL JR.', 'SUSTIGUER', 'D', 'BSCS', '20220457', '2023-04-17', 1, 0, 'MALE', 'A', 'REGULAR', '1ST'),
(870, 'RONALD CHRISTOPHER', 'VILLAFUERTE', 'L', 'BSEMC', '20220458', '2023-04-17', 1, 0, 'MALE', 'A', 'REGULAR', '1ST'),
(871, 'GIANE KRISTOFER LARENCE', 'VIDAL', 'L', 'BSEMC', '20220460', '2023-04-17', 1, 0, 'MALE', 'A', 'REGULAR', '1ST'),
(872, 'KARL MATHEW', 'MIRANDA', 'L', 'BSCS', '20220464', '2023-04-17', 1, 0, 'MALE', 'A', 'REGULAR', '1ST'),
(873, 'CARL JAMES', 'JULIANE', 'A', 'BSCS', '20220471', '2023-04-17', 1, 0, 'MALE', 'A', 'REGULAR', '1ST'),
(874, 'GWYNETH', 'UY', 'F', 'BSCS', '20220475', '2023-04-17', 1, 0, 'FEMALE', 'A', 'REGULAR', '1ST'),
(875, 'MARIA MONICA', 'JIMENEZ', 'C', 'BSEMC', '20220486', '2023-04-17', 1, 0, 'FEMALE', 'A', 'REGULAR', '1ST'),
(876, 'LEOJ MICHAEL', 'SANTOS', 'M', 'BSEMC', '20220495', '2023-04-17', 1, 0, 'MALE', 'A', 'REGULAR', '1ST'),
(877, 'EMANNUEL', 'PABUA', 'L', 'BSCS', '20220497', '2023-04-17', 1, 0, 'MALE', 'A', 'REGULAR', '1ST'),
(878, 'FELIZARDO', 'ARRABIS JR.', 'V', 'BSIS', '20220503', '2023-04-17', 1, 0, 'MALE', 'A', 'REGULAR', '1ST'),
(879, 'MARTIN LORENCE', 'MONTE', 'S', 'BSCS', '20220507', '2023-04-17', 1, 0, 'MALE', 'A', 'REGULAR', '1ST'),
(880, 'JIREH WALTER', 'SODSOD', 'U', 'BSIS', '20220510', '2023-04-17', 1, 0, 'MALE', 'A', 'REGULAR', '1ST'),
(881, 'BEA ALYSSA', 'LUGTU', 'G', 'BSCS', '20220527', '2023-04-17', 1, 0, 'FEMALE', 'A', 'REGULAR', '1ST'),
(882, 'RALPH KIAN', 'BENEDICTO', 'S', 'BSIT', '20220533', '2023-04-17', 1, 0, 'MALE', 'A', 'REGULAR', '1ST'),
(883, 'MARIANA FAITH', 'FLORES', 'A', 'BSIT', '20220535', '2023-04-17', 1, 0, 'FEMALE', 'A', 'REGULAR', '1ST'),
(884, 'SHERBERT ANTHONY', 'BELLO', 'G', 'BSIT', '20220552', '2023-04-17', 1, 0, 'MALE', 'A', 'REGULAR', '1ST'),
(885, 'KRISTINA CASSANDRA', 'REMITAR', 'D', 'BSEMC', '20220558', '2023-04-17', 1, 0, 'FEMALE', 'A', 'REGULAR', '1ST'),
(886, 'RICMAL', 'BAGUIO', 'U', 'BSEMC', '20220559', '2023-04-17', 1, 0, 'FEMALE', 'A', 'REGULAR', '1ST'),
(887, 'JHON MICHAEL', 'REMITAR', 'D', 'BSEMC', '20220562', '2023-04-17', 1, 0, 'MALE', 'A', 'REGULAR', '1ST'),
(888, 'ALIYAH NICOLE ', 'POLICARPIO', 'E', 'BSIS', '20220565', '2023-04-17', 1, 0, 'FEMALE', 'A', 'REGULAR', '1ST'),
(889, 'JHEDIAEL CALVIN', 'RAMBOYONG', 'T', 'BSCS', '20220571', '2023-04-17', 1, 0, 'MALE', 'A', 'REGULAR', '1ST'),
(890, 'ZOE LOVE', 'LUMA-AS', 'S', 'BSIS', '20220572', '2023-04-17', 1, 0, 'FEMALE', 'A', 'REGULAR', '1ST'),
(891, 'JUSTINE BRYAN', 'PERALTA', 'M', 'BSCS', '20220583', '2023-04-17', 1, 0, 'MALE', 'A', 'REGULAR', '1ST'),
(892, 'REINMARC', 'ERASQUIN', 'G', 'BSIS', '20220591', '2023-04-17', 1, 0, 'MALE', 'A', 'REGULAR', '1ST'),
(893, 'JOHN CHRISTIAN', 'SUAREZ', 'A', 'BSIT', '20220602', '2023-04-17', 1, 0, 'MALE', 'A', 'REGULAR', '1ST'),
(894, 'CHRISTIAN AARON', 'GUTIERREZ', 'G', 'BSEMC', '20220606', '2023-04-17', 1, 0, 'MALE', 'A', 'REGULAR', '1ST'),
(895, 'RONALD', 'SULLANO', 'V', 'BSIS', '20220607', '2023-04-17', 1, 0, 'MALE', 'A', 'REGULAR', '1ST'),
(896, 'JUAN MIGUEL', 'CATALAN', 'T', 'BSIS', '20220609', '2023-04-17', 1, 0, 'MALE', 'A', 'REGULAR', '1ST'),
(897, 'KATE JENSEN', 'DELOS SANTOS', 'P', 'BSIS', '20220610', '2023-04-17', 1, 0, 'FEMALE', 'A', 'REGULAR', '1ST'),
(898, 'KEVIN', 'VELASQUEZ', 'S', 'BSIT', '20220612', '2023-04-17', 1, 0, 'MALE', 'A', 'REGULAR', '1ST'),
(899, 'DARNELL', 'BOHOL', 'Y', 'BSIT', '20220613', '2023-04-17', 1, 0, 'MALE', 'A', 'REGULAR', '1ST'),
(900, 'KEVIN', 'LLANES', 'A', 'BSCS', '20220629', '2023-04-17', 1, 0, 'MALE', 'A', 'REGULAR', '1ST'),
(901, 'NICOLE', 'MAURICIO', 'S', 'BSIT', '20220635', '2023-04-17', 1, 0, 'FEMALE', 'A', 'REGULAR', '1ST'),
(902, 'RIANA', 'NADURA', 'R', 'BSIS', '20220636', '2023-04-17', 1, 0, 'FEMALE', 'A', 'REGULAR', '1ST'),
(903, 'JED ELRICK', 'CASTILLO', 'P', 'BSIS', '20220639', '2023-04-17', 1, 0, 'MALE', 'A', 'REGULAR', '1ST'),
(904, 'KYLE MICHAEL', 'CAMPILLOS', 'A', 'BSIT', '20220643', '2023-04-17', 1, 0, 'MALE', 'A', 'REGULAR', '1ST'),
(905, 'SHANE MARC JOSEPH', 'GABATIN', '-', 'BSIS', '20220645', '2023-04-17', 1, 0, 'MALE', 'A', 'REGULAR', '1ST'),
(906, 'GABRIEL BENEDICT', 'PLANCO', 'D', 'BSEMC', '20220646', '2023-04-17', 1, 0, 'MALE', 'A', 'REGULAR', '1ST'),
(907, 'ERVHYNE', 'DALUGDOG', 'R', 'BSCS', '20220657', '2023-04-17', 1, 0, 'MALE', 'A', 'REGULAR', '1ST'),
(908, 'MARK RANNIELE', 'ERMINO', 'I', 'BSCS', '20220661', '2023-04-17', 1, 0, 'MALE', 'A', 'REGULAR', '1ST'),
(909, 'JAMES IVAN', 'CAMIQUE', 'B', 'BSCS', '20220666', '2023-04-17', 1, 0, 'MALE', 'A', 'REGULAR', '1ST'),
(910, 'IAN', 'PILLOGO', 'R', 'BSIS', '20220674', '2023-04-17', 1, 0, 'MALE', 'A', 'REGULAR', '1ST'),
(911, 'MIKE RUFINO', 'CARAM II', 'J', 'BSCS', '20220679', '2023-04-17', 1, 0, 'MALE', 'A', 'REGULAR', '1ST'),
(912, 'ALVIN KEN', 'DALIDA', 'R', 'BSIT', '20220680', '2023-04-17', 1, 0, 'MALE', 'A', 'REGULAR', '1ST'),
(913, 'EZEDREX JO', 'BENIG', 'A', 'BSCS', '20220683', '2023-04-17', 1, 0, 'MALE', 'A', 'REGULAR', '1ST'),
(914, 'MIKYLLA SOPHIA', 'MEDINA', 'G', 'BSEMC', '20220701', '2023-04-17', 1, 0, 'FEMALE', 'A', 'REGULAR', '1ST'),
(915, 'ELRANCHITO', 'DE LEON III', 'P', 'BSIS', '20220751', '2023-04-17', 1, 0, 'MALE', 'A', 'REGULAR', '1ST'),
(916, 'DIANNA KRIZIEL', 'LIMCO', 'A', 'BSEMC', '20220774', '2023-04-17', 1, 0, 'FEMALE', 'A', 'REGULAR', '1ST'),
(917, 'DUSTY', 'LAZARO', 'C', 'BSIT', '20220796', '2023-04-17', 1, 0, 'FEMALE', 'A', 'REGULAR', '1ST'),
(918, 'ACE-C', 'ANABO', 'B', 'BSIT', '20220797', '2023-04-17', 1, 0, 'MALE', 'B', 'REGULAR', '1ST'),
(919, 'HANNIEL ASHER', 'CABANDING', 'T', 'BSIT', '20220798', '2023-04-17', 1, 0, 'MALE', 'B', 'REGULAR', '1ST'),
(920, 'SEAN SPENCER', 'ENCARNACION', 'R', 'BSIT', '20220799', '2023-04-17', 1, 0, 'MALE', 'B', 'REGULAR', '1ST'),
(921, 'TIMOTHY', 'LARU-AN', 'O', 'BSIT', '20220800', '2023-04-17', 1, 0, 'MALE', 'B', 'REGULAR', '1ST'),
(922, 'RAS', 'SANCHEZ', 'D', 'BSIT', '20220801', '2023-04-17', 1, 0, 'MALE', 'A', 'REGULAR', '1ST'),
(923, 'KRISHA MAE', 'ALCAIDE', 'P', 'BSCS', '20220815', '2023-04-17', 1, 0, 'FEMALE', 'A', 'REGULAR', '1ST'),
(924, 'JAYVIE', 'MATIAS', 'M', 'BSIS', '20220822', '2023-04-17', 1, 0, 'MALE', 'A', 'REGULAR', '1ST'),
(925, 'ALON', 'ALWIN', 'A', 'BSIS', '20220823', '2023-04-17', 1, 0, 'MALE', 'A', 'REGULAR', '1ST'),
(926, 'ALVIN DAVE', 'CRUZ', 'C', 'BSIS', '20220825', '2023-04-17', 1, 0, 'MALE', 'A', 'REGULAR', '1ST'),
(927, 'KURT RUSSEL', 'TEJADA', 'C', 'BSIS', '20220830', '2023-04-17', 1, 0, 'MALE', 'A', 'REGULAR', '1ST'),
(928, 'CHRISTIAN', 'PEREZ', 'D', 'BSIS', '20220844', '2023-04-17', 1, 0, 'MALE', 'A', 'REGULAR', '1ST'),
(929, 'JIMMY', 'LIAO', 'M', 'BSIS', '20220845', '2023-04-17', 1, 0, 'MALE', 'A', 'REGULAR', '1ST'),
(930, 'JAMES', 'APOSTOL', 'A', 'BSIS', '20220847', '2023-04-17', 1, 0, 'MALE', 'A', 'REGULAR', '1ST'),
(931, 'LYNDON DREY', 'BURCE', 'C', 'BSIS', '20220848', '2023-04-17', 1, 0, 'MALE', 'A', 'REGULAR', '1ST'),
(932, 'JOHN EMMANUEL', 'POLICARPIO', 'D', 'BSIT', '20220877', '2023-04-17', 1, 0, 'MALE', 'B', 'REGULAR', '1ST'),
(933, 'CRISANTO', 'EDAÑO JR.', '-', 'BSIT', '20220882', '2023-04-17', 1, 0, 'MALE', 'B', 'REGULAR', '1ST'),
(934, 'SHERWIN', 'DOINOG', 'T', 'BSIT', '20220884', '2023-04-17', 1, 0, 'FEMALE', 'B', 'REGULAR', '1ST'),
(935, 'URIEL ISAAC', 'TANEO', 'P', 'BSIT', '20220885', '2023-04-17', 1, 0, 'MALE', 'B', 'REGULAR', '1ST'),
(936, 'CHRISTY JANE', 'AWAS', 'M', 'BSIT', '20220889', '2023-04-17', 1, 0, 'FEMALE', 'B', 'REGULAR', '1ST'),
(937, 'JOHN CERICK', 'SANICO', 'L', 'BSIT', '20220894', '2023-04-17', 1, 0, 'MALE', 'B', 'REGULAR', '1ST'),
(938, 'KEVIN JAY', 'GUTIEREZ', '-', 'BSIT', '20220907', '2023-04-17', 1, 0, 'MALE', 'B', 'REGULAR', '1ST'),
(939, 'MARGARETT', 'VILLANUEVA', 'B', 'BSIT', '20220910', '2023-04-17', 1, 0, 'MALE', 'B', 'REGULAR', '1ST');
INSERT INTO `students` (`user_id`, `first_name`, `last_name`, `middle_initial`, `course`, `student_no`, `admitted_at`, `bool`, `fingerprintID`, `Sex`, `Section`, `Status`, `Year`) VALUES
(940, 'JENNY ROSE', 'CONTALBA', 'C', 'BSIT', '20220918', '2023-04-17', 1, 0, 'FEMALE', 'B', 'REGULAR', '1ST'),
(941, 'JOHN EARL', 'ICAWAT', 'R', 'BSIT', '20220961', '2023-04-17', 1, 0, 'MALE', 'B', 'REGULAR', '1ST'),
(942, 'MARK JHUNEL', 'GARCIA', 'Y', 'BSIT', '20220968', '2023-04-17', 1, 0, 'MALE', 'B', 'REGULAR', '1ST'),
(943, 'APRIL JANE', 'ALBANIA', 'D', 'BSIT', '20220971', '2023-04-17', 1, 0, 'FEMALE', 'B', 'REGULAR', '1ST'),
(944, 'TRISHA', 'AMESTOSO', 'P', 'BSIT', '20220974', '2023-04-17', 1, 0, 'FEMALE', 'B', 'REGULAR', '1ST'),
(945, 'JAMES RYAN', 'GREGORIO', 'O', 'BSIT', '20220977', '2023-04-17', 1, 0, 'MALE', 'B', 'REGULAR', '1ST'),
(946, 'RON MICHAEL', 'RAMOS', 'G', 'BSIT', '20220988', '2023-04-17', 1, 0, 'MALE', 'B', 'REGULAR', '1ST'),
(947, 'ERONN GYVER', 'CAINTOY', 'C', 'BSIT', '20220989', '2023-04-17', 1, 0, 'MALE', 'B', 'REGULAR', '1ST'),
(948, 'LEONARD', 'VALERA', 'C', 'BSIT', '20220992', '2023-04-17', 1, 0, 'MALE', 'B', 'REGULAR', '1ST'),
(949, 'LEAH MAXINE', 'FAUSTINO', 'C', 'BSIT', '20220995', '2023-04-17', 1, 0, 'FEMALE', 'B', 'REGULAR', '1ST'),
(950, 'LEXTER ANGELO', 'ALONZO', '-', 'BSIT', '20220996', '2023-04-17', 1, 0, 'MALE', 'B', 'REGULAR', '1ST'),
(951, 'JAN ELAIZHA', 'BUENABAJO', 'E', 'BSIT', '20220999', '2023-04-17', 1, 0, 'FEMALE', 'B', 'REGULAR', '1ST'),
(952, 'CIELO', 'CHENILLA', 'A', 'BSIT', '20221000', '2023-04-17', 1, 0, 'FEMALE', 'B', 'REGULAR', '1ST'),
(953, 'ISAIAH DANIEL', 'FORMACION', 'H', 'BSIT', '20221005', '2023-04-17', 1, 0, 'MALE', 'B', 'REGULAR', '1ST'),
(954, 'IYA MAE', 'PULVERA', 'Y', 'BSIT', '20221007', '2023-04-17', 1, 0, 'FEMALE', 'B', 'REGULAR', '1ST'),
(955, 'JHON PAULO', 'CANLAS', 'D', 'BSIT', '20221010', '2023-04-17', 1, 0, 'MALE', 'B', 'REGULAR', '1ST'),
(956, 'JOHN LEONARD', 'GALORIO', 'T', 'BSIT', '20221011', '2023-04-17', 1, 0, 'MALE', 'B', 'REGULAR', '1ST'),
(957, 'JANNAH SHIN', 'EMPAS', 'V', 'BSIT', '20221019', '2023-04-17', 1, 0, 'FEMALE', 'B', 'REGULAR', '1ST'),
(958, 'CURL ROMULO', 'TAPANG', '-', 'BSIT', '20221027', '2023-04-17', 1, 0, 'MALE', 'B', 'REGULAR', '1ST'),
(959, 'KEITH HARVEY', 'CUDAL', 'M', 'BSIT', '20221030', '2023-04-17', 1, 0, 'MALE', 'B', 'REGULAR', '1ST'),
(960, 'MICHELLE MAY', 'REGALADO', 'D', 'BSIT', '20221061', '2023-04-17', 1, 0, 'FEMALE', 'B', 'REGULAR', '1ST'),
(961, 'MA. LORRAINE', 'QUINTO', 'C', 'BSIT', '20221062', '2023-04-17', 1, 0, 'FEMALE', 'B', 'REGULAR', '1ST'),
(962, 'KIMBERLY', 'REAL', 'D', 'BSIT', '20221063', '2023-04-17', 1, 0, 'FEMALE', 'B', 'REGULAR', '1ST'),
(963, 'JHON PATRICK', 'NACIONAL', 'S', 'BSIT', '20221067', '2023-04-17', 1, 0, 'MALE', 'B', 'REGULAR', '1ST'),
(964, 'KARL ANDREW', 'DAGOHOY', 'S', 'BSIT', '20221085', '2023-04-17', 1, 0, 'MALE', 'B', 'REGULAR', '1ST'),
(965, 'JAMES DARYLL', 'PAGLINAWAN', 'S', 'BSCS', '20221122', '2023-04-17', 1, 0, 'MALE', 'B', 'REGULAR', '1ST'),
(966, 'JJ MCDAL', 'NABONG', 'S', 'BSCS', '20221123', '2023-04-17', 1, 0, 'MALE', 'B', 'REGULAR', '1ST'),
(967, 'ALFREDO III', 'SANGER', 'A', 'BSCS', '20221125', '2023-04-17', 1, 0, 'MALE', 'B', 'REGULAR', '1ST'),
(968, 'SHAWN KENNETH', 'FRANCE', 'F', 'BSCS', '20221129', '2023-04-17', 1, 0, 'MALE', 'B', 'REGULAR', '1ST'),
(969, 'JOHN MANUEL', 'CUERDO', 'A', 'BSCS', '20221132', '2023-04-17', 1, 0, 'MALE', 'B', 'REGULAR', '1ST'),
(970, 'HANNS DEWEY', 'TABALANZA', '-', 'BSCS', '20221133', '2023-04-17', 1, 0, 'MALE', 'B', 'REGULAR', '1ST'),
(971, 'ARMANDO JR.', 'BAGASON', 'E', 'BSCS', '20221135', '2023-04-17', 1, 0, 'MALE', 'B', 'REGULAR', '1ST'),
(972, 'DAN JULLIAN', 'MALICSE', 'B', 'BSCS', '20221136', '2023-04-17', 1, 0, 'MALE', 'B', 'REGULAR', '1ST'),
(973, 'JOHN', 'LOREZO', 'A', 'BSCS', '20221140', '2023-04-17', 1, 0, 'MALE', 'B', 'REGULAR', '1ST'),
(974, 'LAURENCE JOHN', 'CLARETE', 'S', 'BSCS', '20221142', '2023-04-17', 1, 0, 'MALE', 'B', 'REGULAR', '1ST'),
(975, 'JUSTINE DAVE', 'MARTIN', 'R', 'BSCS', '20221146', '2023-04-17', 1, 0, 'MALE', 'B', 'REGULAR', '1ST'),
(976, 'AERON SEBASTIAN', 'CRUZ', '-', 'BSCS', '20221147', '2023-04-17', 1, 0, 'MALE', 'B', 'REGULAR', '1ST'),
(977, 'MICHAEL AARON', 'TIU', 'I', 'BSCS', '20221149', '2023-04-17', 1, 0, 'MALE', 'B', 'REGULAR', '1ST'),
(978, 'JOHN CYMONE', 'BERNARDO', 'B', 'BSCS', '20221165', '2023-04-17', 1, 0, 'MALE', 'B', 'REGULAR', '1ST'),
(979, 'DARLENE', 'VILLANUEVA', '-', 'BSIT', '20221172', '2023-04-17', 1, 0, 'FEMALE', 'A', 'REGULAR', '1ST'),
(980, 'FRANKLIN', 'VIGIL', 'M', 'BSCS', '20221173', '2023-04-17', 1, 0, 'MALE', 'B', 'REGULAR', '1ST'),
(981, 'IRHIEL MAE', 'ANTANG', 'S', 'BSCS', '20221183', '2023-04-17', 1, 0, 'FEMALE', 'B', 'REGULAR', '1ST'),
(982, 'RALPH MICHAEL', 'ROCABO', '-', 'BSCS', '20221185', '2023-04-17', 1, 0, 'MALE', 'B', 'REGULAR', '1ST'),
(983, 'MARK JOSEPH', 'BUBAN', 'U', 'BSCS', '20221197', '2023-04-17', 1, 0, 'MALE', 'B', 'IRREGULAR', '1ST'),
(984, 'ANDREI LOUIS', 'ODANGO', 'M', 'BSCS', '20221201', '2023-04-17', 1, 0, 'MALE', 'B', 'REGULAR', '1ST'),
(985, 'PAUL JERICHO', 'LIBANAN', 'A', 'BSCS', '20221203', '2023-04-17', 1, 0, 'MALE', 'B', 'REGULAR', '1ST'),
(986, 'KHEN HURRYSON', 'GRANADOZO', 'E', 'BSCS', '20221204', '2023-04-17', 1, 0, 'MALE', 'B', 'REGULAR', '1ST'),
(987, 'JAZZY MIKELSON', 'DELA CRUZ', 'N', 'BSCS', '20221206', '2023-04-17', 1, 0, 'MALE', 'B', 'REGULAR', '1ST'),
(988, 'CHRISTIAN JAMES', 'ANTONIO', 'A', 'BSCS', '20221207', '2023-04-17', 1, 0, 'MALE', 'B', 'REGULAR', '1ST'),
(989, 'MARIANNE CELEST', 'JEREZ', 'T', 'BSCS', '20221208', '2023-04-17', 1, 0, 'FEMALE', 'B', 'REGULAR', '1ST'),
(990, 'MA. CATHERINE', 'BAE', 'H', 'BSCS', '20221209', '2023-04-17', 1, 0, 'FEMALE', 'B', 'REGULAR', '1ST'),
(991, 'RUSSELL KELVIN ANTHONY', 'LORETO', 'B', 'BSCS', '20221210', '2023-04-17', 1, 0, 'MALE', 'B', 'REGULAR', '1ST'),
(992, 'B.J.', 'CABAAT', 'J', 'BSCS', '20221211', '2023-04-17', 1, 0, 'MALE', 'B', 'REGULAR', '1ST'),
(993, 'MARK JAMES', 'RAFAEL', '-', 'BSCS', '20221212', '2023-04-17', 1, 0, 'MALE', 'B', 'REGULAR', '1ST'),
(994, 'JOHN ALPHONSUS', 'MENTES', 'D', 'BSCS', '20221213', '2023-04-17', 1, 0, 'MALE', 'B', 'REGULAR', '1ST'),
(995, 'ARJAY', 'DADIVAS', 'A', 'BSCS', '20221214', '2023-04-17', 1, 0, 'MALE', 'B', 'REGULAR', '1ST'),
(996, 'KARL CHRISTIAN', 'BRIZUELA', 'M', 'BSCS', '20221215', '2023-04-17', 1, 0, 'MALE', 'B', 'REGULAR', '1ST'),
(997, 'FRANCINE GAIL', 'MONTEFRIO', 'G', 'BSIT', '20221217', '2023-04-17', 1, 0, 'FEMALE', 'B', 'REGULAR', '1ST'),
(998, 'ERRICKA JOY', 'ALERA', 'R', 'BSCS', '20221226', '2023-04-17', 1, 0, 'FEMALE', 'B', 'REGULAR', '1ST'),
(999, 'RAFAEL', 'SALVE', 'D', 'BSCS', '20221238', '2023-04-17', 1, 0, 'MALE', 'B', 'REGULAR', '1ST'),
(1000, 'RENALYN', 'GIRAY', 'G', 'BSCS', '20221242', '2023-04-17', 1, 0, 'FEMALE', 'B', 'REGULAR', '1ST'),
(1001, 'CEDRIC', 'TORRES', '-', 'BSCS', '20221245', '2023-04-17', 1, 0, 'MALE', 'A', 'REGULAR', '1ST'),
(1002, 'JEORGIE', 'OBIDA', 'L', 'BSIT', '20221251', '2023-04-17', 1, 0, 'FEMALE', 'A', 'REGULAR', '1ST'),
(1003, 'JIN HAROLD', 'FAILANA', 'A', 'BSCS', '20221254', '2023-04-17', 1, 0, 'MALE', 'B', 'REGULAR', '1ST'),
(1004, 'MICO JAKE', 'LUTIVA', 'A', 'BSCS', '20221261', '2023-04-17', 1, 0, 'MALE', 'B', 'REGULAR', '1ST'),
(1005, 'MARK JOHN', 'BANDALA', 'P', 'BSCS', '20221262', '2023-04-17', 1, 0, 'MALE', 'B', 'REGULAR', '1ST'),
(1006, 'MARK JAYSON', 'GABUNI', 'G', 'BSIT', '20221272', '2023-04-17', 1, 0, 'FEMALE', 'B', 'REGULAR', '1ST'),
(1007, 'AUDRIC', 'SUAREZ', 'S', 'BSCS', '20221281', '2023-04-17', 1, 0, 'MALE', 'B', 'REGULAR', '1ST'),
(1008, 'REGEM', 'BACOLCOL', 'Y', 'BSCS', '20221284', '2023-04-17', 1, 0, 'MALE', 'B', 'IRREGULAR', '1ST'),
(1009, 'RIZZA MAE', 'LAGUILLES', 'M', 'BSIT', '20221293', '2023-04-17', 1, 0, 'FEMALE', 'A', 'REGULAR', '1ST'),
(1010, 'EUGENE P.V.', 'GOMEZ', 'D', 'BSCS', '20221295', '2023-04-17', 1, 0, 'MALE', 'B', 'REGULAR', '1ST'),
(1011, 'MARIE JOY', 'DE PEDRO', 'S', 'BSCS', '20221299', '2023-04-17', 1, 0, 'FEMALE', 'B', 'REGULAR', '1ST'),
(1012, 'HESHEKIAH', 'TAMBAGO', 'M', 'BSCS', '20221301', '2023-04-17', 1, 0, 'FEMALE', 'B', 'REGULAR', '1ST'),
(1013, 'JERICK', 'ESCULTURA', 'C', 'BSCS', '20221342', '2023-04-17', 1, 0, 'MALE', 'B', 'REGULAR', '1ST'),
(1014, 'JAN MATTHEW', 'SALANGSANG', 'C', 'BSIS', '20221348', '2023-04-17', 1, 0, 'MALE', 'A', 'REGULAR', '1ST');

--
-- Indexes for dumped tables
--

--
-- Indexes for table `accounts`
--
ALTER TABLE `accounts`
  ADD PRIMARY KEY (`id`),
  ADD UNIQUE KEY `username` (`username`);

--
-- Indexes for table `courses`
--
ALTER TABLE `courses`
  ADD PRIMARY KEY (`Course_ID`);

--
-- Indexes for table `fingerprintid`
--
ALTER TABLE `fingerprintid`
  ADD PRIMARY KEY (`id`);

--
-- Indexes for table `rooms`
--
ALTER TABLE `rooms`
  ADD PRIMARY KEY (`Room_ID`);

--
-- Indexes for table `students`
--
ALTER TABLE `students`
  ADD PRIMARY KEY (`user_id`);

--
-- AUTO_INCREMENT for dumped tables
--

--
-- AUTO_INCREMENT for table `accounts`
--
ALTER TABLE `accounts`
  MODIFY `id` int(11) NOT NULL AUTO_INCREMENT, AUTO_INCREMENT=8;

--
-- AUTO_INCREMENT for table `courses`
--
ALTER TABLE `courses`
  MODIFY `Course_ID` int(11) NOT NULL AUTO_INCREMENT, AUTO_INCREMENT=5;

--
-- AUTO_INCREMENT for table `fingerprintid`
--
ALTER TABLE `fingerprintid`
  MODIFY `id` int(11) NOT NULL AUTO_INCREMENT;

--
-- AUTO_INCREMENT for table `rooms`
--
ALTER TABLE `rooms`
  MODIFY `Room_ID` int(11) NOT NULL AUTO_INCREMENT, AUTO_INCREMENT=5;

--
-- AUTO_INCREMENT for table `students`
--
ALTER TABLE `students`
  MODIFY `user_id` int(11) NOT NULL AUTO_INCREMENT, AUTO_INCREMENT=1024;
COMMIT;

/*!40101 SET CHARACTER_SET_CLIENT=@OLD_CHARACTER_SET_CLIENT */;
/*!40101 SET CHARACTER_SET_RESULTS=@OLD_CHARACTER_SET_RESULTS */;
/*!40101 SET COLLATION_CONNECTION=@OLD_COLLATION_CONNECTION */;
